Location,Latitude,Longitude,Ward,Community,Neighborhood,Tow_Zone,Day,Emergency,Date,Time
"4601 Lyndale Ave n ,Minneapolis,MN",45.0387,-93.287718,4,Camden,Lind - Bohanon,1,1,Yale,02/20/2019,21:17
"4699 Lyndale Ave n,Minneapolis,MN",45.040554,-93.287345,4,Camden,Lind - Bohanon,1,1,Yale,02/20/2019,21:21
"1100 COMO AVE SE,Minneapolis,MN",44.987643,-93.235449,2,University,Como,4,1,Yale,02/20/2019,21:23
"3000 Chicago ave ,Minneapolis,MN",44.948357,-93.262689,6,Phillips,Phillips West,3,1,Yale,02/20/2019,21:25
"4001 LYNDALE AVE N ,Minneapolis,MN",45.027751,-93.288451,4,Camden,Webber - Camden,1,1,Yale,02/20/2019,21:33
"4001 LYNDALE AVE N ,Minneapolis,MN",45.027751,-93.288451,4,Camden,Webber - Camden,1,1,Yale,02/20/2019,21:36
"482 E 35TH ST ,Minneapolis,MN",44.939811999999996,-93.269138,9,Powderhorn,Central,5,1,Yale,02/20/2019,21:38
"3901-3999 LYNDALE AVE N,Minneapolis,MN",45.025757,-93.288074,4,Camden,Webber - Camden,1,1,Yale,02/20/2019,21:41
"3701 LYNDALE AVE N ,Minneapolis,MN",45.022258,-93.288335,4,Camden,McKinley,1,1,Yale,02/20/2019,21:58
"250 35th street East,Minneapolis,MN",44.939562,-93.273433,9,Powderhorn,Central,5,1,Yale,02/20/2019,22:02
"2001 2ND ST N ,Minneapolis,MN",44.999173,-93.28021600000001,5,Near North,Hawthorne,1,1,Yale,02/20/2019,22:04
"3701LYNDALE AVE N ,Minneapolis,MN",45.022258,-93.288335,4,Camden,McKinley,1,1,Yale,02/20/2019,22:05
"3301 2ND ST N ,Minneapolis,MN",45.015058,-93.281185,4,Camden,McKinley,1,1,Yale,02/20/2019,22:07
"3401 LYNDALE AVE N,Minneapolis,MN",45.016858,-93.288387,4,Camden,McKinley,1,1,Yale,02/20/2019,22:09
"2101 LYNDALE AVE N ,Minneapolis,MN",45.00025,-93.287993,5,Near North,Hawthorne,1,1,Yale,02/20/2019,22:11
"333 8TH ST SE,Minneapolis,MN",44.990528999999995,-93.24682,3,University,Marcy Holmes,4,1,Yale,02/20/2019,22:16
"3999 LYNDALE AVE N ,Minneapolis,MN",45.027536,-93.288083,4,Camden,Webber - Camden,1,1,Yale,02/20/2019,22:17
"1741 COMO AVE SE,Minneapolis,MN",44.987996,-93.227088,1,University,Como,4,1,Yale,02/20/2019,22:17
"1399 8TH ST SE,Minneapolis,MN",44.984428,-93.232682,3,University,Marcy Holmes,4,1,Yale,02/20/2019,22:18
"00 block of 19TH ST E,Minneapolis,MN",44.96405,-93.272827,6,Central,Steven's Square - Loring Heights,3,1,Yale,02/20/2019,22:20
"516 UNIVERSITY AVE NE,Minneapolis,MN",44.994062,-93.26088,3,Northeast,St. Anthony West,2,1,Yale,02/20/2019,22:20
"2803 Central Ave Ne,Minneapolis,MN",45.01905,-93.24674,1,Northeast,Audubon Park,2,1,Yale,02/20/2019,22:20
"2801 Central Ave NE,Minneapolis,MN",45.018975,-93.246811,1,Northeast,Audubon Park,2,1,Yale,02/20/2019,22:23
"2800 emerson ave s,Minneapolis,MN",44.951578000000005,-93.294725,10,Calhoun Isle,Lowry Hill East,3,1,Yale,02/20/2019,22:27
"00 E 19th St ,Minneapolis,MN",44.963693,-93.274273,6,Central,Steven's Square - Loring Heights,3,1,Yale,02/20/2019,22:30
"2800 emerson ave s,Minneapolis,MN",44.951578000000005,-93.294725,10,Calhoun Isle,Lowry Hill East,3,1,Yale,02/20/2019,22:30
"600 2nd st n,Minneapolis,MN",44.988062,-93.274558,3,Central,North Loop,1,1,Yale,02/20/2019,22:31
"707 UNIVERSITY AVE SE,Minneapolis,MN",44.983476,-93.245527,3,University,Marcy Holmes,4,1,Yale,02/20/2019,22:42
"1435 W 24TH ST ,Minneapolis,MN",44.958818,-93.29736899999999,7,Calhoun Isle,East Isles,3,1,Yale,02/20/2019,22:43
"3501 LYNDALE AVE N,Minneapolis,MN",45.018646000000004,-93.28835500000001,4,Camden,McKinley,1,1,Yale,02/20/2019,22:48
"2900 HENNEPIN AVE ,Minneapolis,MN",44.94912,-93.298439,7,Calhoun Isle,East Isles,3,1,Yale,02/20/2019,22:49
"700 1st N,Minneapolis,MN",44.978652000000004,-93.276557,7,Central,Downtown West,3,1,Yale,02/20/2019,22:50
"2501 2nd st n,Minneapolis,MN",45.004838,-93.280516,5,Near North,Hawthorne,1,1,Yale,02/20/2019,22:52
"3520 3rd Avenue South,Minneapolis,MN",44.938857,-93.273078,9,Powderhorn,Central,5,1,Yale,02/20/2019,22:53
"301 18th ave se,Minneapolis,MN",44.977307,-93.231025,2,University,University of Minnesota,4,1,Yale,02/20/2019,22:53
"400 2nd Street Southeast,Minneapolis,MN",44.983422999999995,-93.25059,3,University,Marcy Holmes,4,1,Yale,02/20/2019,22:54
"2225 Irving Ave S,Minneapolis,MN",44.960091999999996,-93.299289,7,Calhoun Isle,East Isles,3,1,Yale,02/20/2019,22:55
"77 4th ave n ,Minneapolis,MN",44.987574,-93.27005799999999,3,Central,North Loop,3,1,Yale,02/20/2019,22:55
"338 8TH ST SE,Minneapolis,MN",44.989781,-93.246873,3,University,Marcy Holmes,4,1,Yale,02/20/2019,22:56
"2300 dowling av n,Minneapolis,MN",45.024091999999996,-93.310259,4,Camden,Victory,1,1,Yale,02/20/2019,23:00
"771 3rdst n ,Minneapolis,MN",44.987803,-93.27946700000001,3,Central,North Loop,1,1,Yale,02/20/2019,23:02
"2625 Central ave NE,Minneapolis,MN",45.015855,-93.246832,1,Northeast,Audubon Park,2,1,Yale,02/20/2019,23:03
"629 2st se,Minneapolis,MN",44.982721999999995,-93.247039,3,University,Marcy Holmes,4,1,Yale,02/20/2019,23:04
"100 Blk 27th Ave Se,Minneapolis,MN",44.968726000000004,-93.220166,2,University,Prospect Park - East River Road,4,1,Yale,02/20/2019,23:09
"1158 31st e,Minneapolis,MN",44.946740000000005,-93.25808599999999,9,Powderhorn,Powderhorn Park,6,1,Yale,02/20/2019,23:10
"301 18th Ave se,Minneapolis,MN",44.977307,-93.231025,2,University,University of Minnesota,4,1,Yale,02/20/2019,23:10
"1500 lasalle av s,Minneapolis,MN",44.967451000000004,-93.279534,7,Central,Loring Park,3,1,Yale,02/20/2019,23:12
"1099-1001 2nd st se,Minneapolis,MN",44.980457,-93.241737,3,University,Marcy Holmes,4,1,Yale,02/20/2019,23:19
"2909 IRVING AVE S,Minneapolis,MN",44.948926,-93.301815,7,Calhoun Isle,East Isles,3,1,Yale,02/20/2019,23:21
"629 2nd ST SE,Minneapolis,MN",44.982721999999995,-93.247039,3,University,Marcy Holmes,4,1,Yale,02/20/2019,23:22
"201 5TH AVE SE,Minneapolis,MN",44.984088,-93.249801,3,University,Marcy Holmes,4,1,Yale,02/20/2019,23:24
"701 1ST ST N,Minneapolis,MN",44.978553000000005,-93.275973,7,Central,Downtown West,3,1,Yale,02/20/2019,23:24
"5500 CHICAGO AVE S,Minneapolis,MN",44.903256,-93.263038,11,Nokomis,Diamond Lake,5,1,Yale,02/20/2019,23:25
"500 3RD ST N ,Minneapolis,MN",44.985279999999996,-93.275904,3,Central,North Loop,1,1,Yale,02/20/2019,23:25
"101 3RD AVE SE,Minneapolis,MN",44.984017,-93.25369,3,University,Marcy Holmes,4,1,Yale,02/20/2019,23:26
"4600 CHICAGO AVE S,Minneapolis,MN",44.919581,-93.262821,8,Nokomis,Field,5,1,Yale,02/20/2019,23:27
"77 4TH AVE N ,Minneapolis,MN",44.987574,-93.27005799999999,3,Central,North Loop,3,1,Yale,02/20/2019,23:27
"2300 2ND ST N ,Minneapolis,MN",45.003058,-93.27931600000001,5,Near North,Hawthorne,1,1,Yale,02/20/2019,23:27
"1300 COMO AVE SE,Minneapolis,MN",44.987631,-93.232788,2,University,Como,4,1,Yale,02/20/2019,23:30
"2300 31ST ST E,Minneapolis,MN",44.946555,-93.238919,9,Powderhorn,Corcoran,6,1,Yale,02/20/2019,23:30
"4722 Bloomington Avenue South,Minneapolis,MN",44.917173,-93.252746,11,Nokomis,Northrop,6,1,Yale,02/20/2019,23:32
"201 11TH AVE SE,Minneapolis,MN",44.980472,-93.241711,3,University,Marcy Holmes,4,1,Yale,02/20/2019,23:33
"1400 LaSalle ave,Minneapolis,MN",44.968778,-93.27933399999999,7,Central,Loring Park,3,1,Yale,02/20/2019,23:34
"2205 31ST E,Minneapolis,MN",44.94624,-93.240404,9,Powderhorn,Corcoran,6,1,Yale,02/20/2019,23:35
"500 4th st n,Minneapolis,MN",44.984981,-93.27747600000001,3,Central,North Loop,1,1,Yale,02/20/2019,23:36
"3420 3rd Avenue South,Minneapolis,MN",44.940643,-93.273078,9,Powderhorn,Central,5,1,Yale,02/20/2019,23:36
"453 W 31ST ST ,Minneapolis,MN",44.946372,-93.285437,8,Powderhorn,Lyndale,5,1,Yale,02/20/2019,23:37
"200 HENNEPIN AVE ,Minneapolis,MN",44.98299,-93.267894,3,Central,North Loop,3,1,Yale,02/20/2019,23:42
"621 OAK ST SE,Minneapolis,MN",44.969418,-93.227115,2,University,University of Minnesota,4,1,Yale,02/20/2019,23:43
"2867 IRVING AVE S,Minneapolis,MN",44.950297,-93.302087,7,Calhoun Isle,East Isles,3,1,Yale,02/20/2019,23:47
"800 5th St N,Minneapolis,MN",44.983416,-93.289757,5,Near North,Sumner - Glenwood,3,1,Yale,02/20/2019,23:47
400 HENNEPIN AVE E,44.988323,-93.254559,3,University,Nicollet Island - East Bank,4,1,Yale,02/20/2019,23:48
"1800 LASALLE AVE ,Minneapolis,MN",44.965246,-93.27968,7,Central,Steven's Square - Loring Heights,3,1,Yale,02/20/2019,23:49
"1500 lasalle av s,Minneapolis,MN",44.967451000000004,-93.279534,7,Central,Loring Park,3,1,Yale,02/20/2019,23:54
"2800 HENNEPIN AVE ,Minneapolis,MN",44.951718,-93.299122,7,Calhoun Isle,East Isles,3,1,Yale,02/20/2019,23:54
"2670 Johnson st NE,Minneapolis,MN",45.01663,-93.237418,1,Northeast,Audubon Park,2,1,Yale,02/20/2019,23:55
"1900 LASALLE AVE ,Minneapolis,MN",44.963918,-93.279777,7,Central,Steven's Square - Loring Heights,3,1,Yale,02/21/2019,00:02
"1-99 blk 27th ave se,Minneapolis,MN",44.97133,-93.21939499999999,2,University,Prospect Park - East River Road,4,1,Yale,02/21/2019,00:03
"1800 Lasalle AVE,Minneapolis,MN",44.965246,-93.27968,7,Central,Steven's Square - Loring Heights,3,1,Yale,02/21/2019,00:05
"700 5th St N,Minneapolis,MN",44.985882000000004,-93.280689,5,Central,North Loop,1,1,Yale,02/21/2019,00:05
"314 Walnut Street Southeast,Minneapolis,MN",44.973385,-93.22869399999999,2,University,University of Minnesota,4,1,Yale,02/21/2019,00:07
"1-99 blk 27th ave se,Minneapolis,MN",44.97133,-93.21939499999999,2,University,Prospect Park - East River Road,4,1,Yale,02/21/2019,00:08
"701 5th st n,Minneapolis,MN",44.985640000000004,-93.28149599999999,5,Central,North Loop,1,1,Yale,02/21/2019,00:08
"1300 block of LaSalle ave S,Minneapolis,MN",44.970601,-93.279336,7,Central,Loring Park,3,1,Yale,02/21/2019,00:08
"1420 block Dowling ave n ,Minneapolis,MN",45.024194,-93.29779,4,Camden,Webber - Camden,1,1,Yale,02/21/2019,00:09
"101-199 3rd Ave. SE,Minneapolis,MN",44.984017,-93.25369,3,University,Marcy Holmes,4,1,Yale,02/21/2019,00:10
"323 west 31st street,Minneapolis,MN",44.946396,-93.284025,8,Powderhorn,Lyndale,5,1,Yale,02/21/2019,00:11
"601 6th ave n,Minneapolis,MN",44.984097999999996,-93.290992,5,Near North,Sumner - Glenwood,3,1,Yale,02/21/2019,00:13
"3200 PENN AVE N ,Minneapolis,MN",45.013599,-93.308079,4,Camden,Folwell,1,1,Yale,02/21/2019,00:13
"1400 block of 1st ave S,Minneapolis,MN",44.968905,-93.276464,7,Central,Loring Park,3,1,Yale,02/21/2019,00:14
"3200 3RD AVE SO,Minneapolis,MN",44.944833,-93.273078,9,Powderhorn,Central,5,1,Yale,02/21/2019,00:16
"Pillsbury & 31st West,Minneapolis,MN",44.946591,-93.281359,8,Powderhorn,Lyndale,5,1,Yale,02/21/2019,00:17
"3448 3RD AVE S,Minneapolis,MN",44.939840999999994,-93.273078,9,Powderhorn,Central,5,1,Yale,02/21/2019,00:17
"482 2nd st se,Minneapolis,MN",44.983514,-93.249866,3,University,Marcy Holmes,4,1,Yale,02/21/2019,00:21
"Pillsbury & 31st west,Minneapolis,MN",44.946591,-93.281359,8,Powderhorn,Lyndale,5,1,Yale,02/21/2019,00:22
"200 block 5th ave se,Minneapolis,MN",44.983676,-93.249422,3,University,Marcy Holmes,4,1,Yale,02/21/2019,00:23
"24 24th st e,Minneapolis,MN",44.959194000000004,-93.27768499999999,10,Powderhorn,Whittier,3,1,Yale,02/21/2019,00:25
"49 24th st,Minneapolis,MN",44.958934,-93.278715,10,Powderhorn,Whittier,3,1,Yale,02/21/2019,00:26
"2700 block of 1ST AVE S,Minneapolis,MN",44.953742,-93.27659,10,Powderhorn,Whittier,3,1,Yale,02/21/2019,00:31
"3420 3rd Ave S,Minneapolis,MN",44.940643,-93.273078,9,Powderhorn,Central,5,1,Yale,02/21/2019,00:31
"611 13th ave ne,Minneapolis,MN",45.001103,-93.25805,3,Northeast,Sheridan,2,1,Yale,02/21/2019,00:31
"1700 block penn ave n ,Minneapolis,MN",44.996584999999996,-93.307845,5,Near North,Willard - Hay,1,1,Yale,02/21/2019,00:33
"2099 - 2001 9th St S,Minneapolis,MN",44.964017999999996,-93.24252299999999,6,Longfellow,Seward,4,1,Yale,02/21/2019,00:33
"698 2nd st ne,Minneapolis,MN",44.995183000000004,-93.263092,3,Northeast,St. Anthony West,2,1,Yale,02/21/2019,00:34
"2400 Blaisdell Ave,Minneapolis,MN",44.958876000000004,-93.280113,10,Powderhorn,Whittier,3,1,Yale,02/21/2019,00:37
"1901-2099 EMERSON AVE N,Minneapolis,MN",44.998861,-93.294416,5,Near North,Near - North,1,1,Yale,02/21/2019,00:37
"1799 wshington st ne,Minneapolis,MN",45.006166,-93.257368,1,Northeast,Holland,2,1,Yale,02/21/2019,00:37
"342 west 31st street,Minneapolis,MN",44.946779,-93.283565,8,Powderhorn,Lyndale,5,1,Yale,02/21/2019,00:38
"314 Walnut Street Southeast,Minneapolis,MN",44.973385,-93.22869399999999,2,University,University of Minnesota,4,1,Yale,02/21/2019,00:39
"77 4th ave n ,Minneapolis,MN",44.987574,-93.27005799999999,3,Central,North Loop,3,1,Yale,02/21/2019,00:40
"811 2nd ave,Minneapolis,MN",44.974083,-93.26997800000001,7,Central,Downtown West,3,1,Yale,02/21/2019,00:40
"3300 block penn ave n ,Minneapolis,MN",45.015236,-93.30796600000001,4,Camden,Folwell,1,1,Yale,02/21/2019,00:43
"301-399 11th Ave SE,Minneapolis,MN",44.9812,-93.240735,3,University,Marcy Holmes,4,1,Yale,02/21/2019,00:45
"1550 2nd av n,Minneapolis,MN",44.979128,-93.300078,5,Near North,Harrison,3,1,Yale,02/21/2019,00:47
"2001 9th st s,Minneapolis,MN",44.963793,-93.243709,6,Longfellow,Seward,4,1,Yale,02/21/2019,00:48
"1823 E 31st st,Minneapolis,MN",44.946407,-93.247033,9,Powderhorn,Corcoran,6,1,Yale,02/21/2019,00:48
"2501 Emerson Ave N,Minneapolis,MN",45.00483,-93.294134,5,Near North,Jordan,1,1,Yale,02/21/2019,00:49
"3445 BLOOMINGTON Ave S,Minneapolis,MN",44.940002,-93.252096,9,Powderhorn,Powderhorn Park,6,1,Yale,02/21/2019,00:51
"2099-2001 9 st s,Minneapolis,MN",44.964017999999996,-93.24252299999999,6,Longfellow,Seward,4,1,Yale,02/21/2019,00:52
"3298 fremont ave n,Minneapolis,MN",45.014955,-93.295589,4,Camden,Folwell,1,1,Yale,02/21/2019,00:53
"2199-2101 9th st s,Minneapolis,MN",44.963997,-93.24092900000001,6,Longfellow,Seward,4,1,Yale,02/21/2019,00:53
"3100 23rd ave,Minneapolis,MN",44.946433,-93.239233,9,Powderhorn,Corcoran,6,1,Yale,02/21/2019,00:58
"3420 3rd Avenue South,Minneapolis,MN",44.940643,-93.273078,9,Powderhorn,Central,5,1,Yale,02/21/2019,01:00
"2800 38th st,Minneapolis,MN",44.951819,-93.21812800000001,2,Longfellow,Longfellow,4,1,Yale,02/21/2019,01:01
"2100-2199 9 ST,Minneapolis,MN",44.964017999999996,-93.242491,6,Longfellow,Seward,4,1,Yale,02/21/2019,01:01
"20th ave so / Franklin ave e,Minneapolis,MN",44.962702,-93.244076,6,Longfellow,Seward,4,1,Yale,02/21/2019,01:09
"1300 block of LaSalle ave S,Minneapolis,MN",44.970601,-93.279336,7,Central,Loring Park,3,1,Yale,02/21/2019,01:10
"2199-2101 FREMONT AVE N ,Minneapolis,MN",45.001507000000004,-93.295652,5,Near North,Jordan,1,1,Yale,02/21/2019,01:11
"2263 9TH ST S,Minneapolis,MN",44.963685999999996,-93.239304,6,Longfellow,Seward,4,1,Yale,02/21/2019,01:12
"700 Van White Memorial Blvd,Minneapolis,MN",44.985808,-93.29239100000001,5,Near North,Sumner - Glenwood,1,1,Yale,02/21/2019,01:13
"2101 9th Street South,Minneapolis,MN",44.964017999999996,-93.242491,6,Longfellow,Seward,4,1,Yale,02/21/2019,01:14
"1438 2st s,Minneapolis,MN",44.974433000000005,-93.247775,6,University,Cedar Riverside,4,1,Yale,02/21/2019,01:14
"3200 block penn ave n ,Minneapolis,MN",45.013599,-93.308079,4,Camden,Folwell,1,1,Yale,02/21/2019,01:15
"2101 9th st s,Minneapolis,MN",44.964017999999996,-93.242491,6,Longfellow,Seward,4,1,Yale,02/21/2019,01:15
"1000 block mashall st ne,Minneapolis,MN",44.99735,-93.268936,3,Northeast,St. Anthony West,2,1,Yale,02/21/2019,01:15
"1400 block of LaSalle ave S,Minneapolis,MN",44.968778,-93.27933399999999,7,Central,Loring Park,3,1,Yale,02/21/2019,01:15
"201 11TH AVE SE,Minneapolis,MN",44.980472,-93.241711,3,University,Marcy Holmes,4,1,Yale,02/21/2019,01:17
"49 24th st,Minneapolis,MN",44.958934,-93.278715,10,Powderhorn,Whittier,3,1,Yale,02/21/2019,01:19
"700 block marshall st ne,Minneapolis,MN",44.994205,-93.265967,3,Northeast,St. Anthony West,2,1,Yale,02/21/2019,01:20
"2700 BLOCK OF STEVENS,Minneapolis,MN",44.953484,-93.275651,10,Powderhorn,Whittier,3,1,Yale,02/21/2019,01:24
"2200 nicollet av s,Minneapolis,MN",44.960591,-93.278325,10,Powderhorn,Whittier,3,1,Yale,02/21/2019,01:24
"3199-3099 Fremont ave n ,Minneapolis,MN",45.013123,-93.295598,5,Near North,Jordan,1,1,Yale,02/21/2019,01:29
"705 Van Memorial Blvd,Minneapolis,MN",44.98578,-93.293586,5,Near North,Sumner - Glenwood,1,1,Yale,02/21/2019,01:30
"1801 Fremont Ave n,Minneapolis,MN",44.996590999999995,-93.296882,5,Near North,Near - North,1,1,Yale,02/21/2019,01:31
"2700 block of STEVENS AVE,Minneapolis,MN",44.953484,-93.275651,10,Powderhorn,Whittier,3,1,Yale,02/21/2019,01:34
"3008 grand ave s,Minneapolis,MN",44.947984000000005,-93.284583,8,Powderhorn,Lyndale,5,1,Yale,02/21/2019,01:34
"2238 9th st s,Minneapolis,MN",44.963982,-93.239177,6,Longfellow,Seward,4,1,Yale,02/21/2019,01:35
"2600 Stevens ave,Minneapolis,MN",44.955515000000005,-93.275325,10,Powderhorn,Whittier,3,1,Yale,02/21/2019,01:35
"1400 marshall street ne,Minneapolis,MN",45.001203000000004,-93.27148100000001,3,Northeast,Sheridan,2,1,Yale,02/21/2019,01:36
"3314 Minnehaha av,Minneapolis,MN",44.942369,-93.23034200000001,9,Longfellow,Longfellow,6,1,Yale,02/21/2019,01:38
"1000 block of Marshall street ne,Minneapolis,MN",44.99735,-93.268936,3,Northeast,St. Anthony West,2,1,Yale,02/21/2019,01:39
"3450 3rd Ave S,Minneapolis,MN",44.939683,-93.27313199999999,9,Powderhorn,Central,5,1,Yale,02/21/2019,01:39
"2305 9th st S,Minneapolis,MN",44.96392,-93.23871,6,Longfellow,Seward,4,1,Yale,02/21/2019,01:40
"2385 9th st so,Minneapolis,MN",44.963977,-93.237782,6,Longfellow,Seward,4,1,Yale,02/21/2019,01:40
"2601 freMont ave n,Minneapolis,MN",45.006119,-93.295905,5,Near North,Jordan,1,1,Yale,02/21/2019,01:41
"2409 9th st s,Minneapolis,MN",44.963840000000005,-93.237052,6,Longfellow,Seward,4,1,Yale,02/21/2019,01:42
"2385 9th Street South,Minneapolis,MN",44.963977,-93.237782,6,Longfellow,Seward,4,1,Yale,02/21/2019,01:42
"2600 Stevens Avenue,Minneapolis,MN",44.955515000000005,-93.275325,10,Powderhorn,Whittier,3,1,Yale,02/21/2019,01:44
"3720 Minnehaha Ave S,Minneapolis,MN",44.935316,-93.225175,12,Longfellow,Howe,6,1,Yale,02/21/2019,01:45
"1400 block marshall st ne,Minneapolis,MN",45.001203000000004,-93.27148100000001,3,Northeast,Sheridan,2,1,Yale,02/21/2019,01:47
"2699-2601 FREMONT AVE N,Minneapolis,MN",45.007734,-93.295582,5,Near North,Jordan,1,1,Yale,02/21/2019,01:47
"2100 NICOLLET AVE S,Minneapolis,MN",44.961773,-93.278329,10,Powderhorn,Whittier,3,1,Yale,02/21/2019,01:47
"1300 nicollet. Av so ,Minneapolis,MN",44.969832000000004,-93.27780600000001,7,Central,Loring Park,3,1,Yale,02/21/2019,01:48
"707 Van White Memorial Blvd,Minneapolis,MN",44.985815,-93.29350500000001,5,Near North,Sumner - Glenwood,1,1,Yale,02/21/2019,01:49
"3705 Minnehaha Ave S,Minneapolis,MN",44.935527,-93.22453,12,Longfellow,Howe,6,1,Yale,02/21/2019,01:50
"199 12th avenue ,Minneapolis,MN",44.975389,-93.251173,3,Central,Downtown East,3,1,Yale,02/21/2019,01:51
"301-399 11th Ave SE,Minneapolis,MN",44.9812,-93.240735,3,University,Marcy Holmes,4,1,Yale,02/21/2019,01:51
"2600 block of stevens,Minneapolis,MN",44.955515000000005,-93.275325,10,Powderhorn,Whittier,3,1,Yale,02/21/2019,01:52
"2331 9TH ST S,Minneapolis,MN",44.963916999999995,-93.237911,6,Longfellow,Seward,4,1,Yale,02/21/2019,01:53
"3016 grand ave s,Minneapolis,MN",44.947691,-93.284575,8,Powderhorn,Lyndale,5,1,Yale,02/21/2019,01:55
"3700 Fremont av n,Minneapolis,MN",45.022188,-93.295636,4,Camden,Folwell,1,1,Yale,02/21/2019,01:57
"2390 butler pl,Minneapolis,MN",44.964653000000006,-93.237729,2,University,Cedar Riverside,4,1,Yale,02/21/2019,02:03
"3300 block penn ave n ,Minneapolis,MN",45.015236,-93.30796600000001,4,Camden,Folwell,1,1,Yale,02/21/2019,02:04
"2111 9 th street s,Minneapolis,MN",44.963761,-93.242071,6,Longfellow,Seward,4,1,Yale,02/21/2019,02:04
"1300 Nicollet ave,Minneapolis,MN",44.97064,-93.27836500000001,7,Central,Loring Park,3,1,Yale,02/21/2019,02:05
"3800 minnehaha,Minneapolis,MN",44.933595000000004,-93.224154,12,Longfellow,Howe,6,1,Yale,02/21/2019,02:06
"1300 block of NICOLLET AVE,Minneapolis,MN",44.97064,-93.27836500000001,7,Central,Loring Park,3,1,Yale,02/21/2019,02:07
"2331 9th street s,Minneapolis,MN",44.963916999999995,-93.237911,6,Longfellow,Seward,4,1,Yale,02/21/2019,02:08
"4000 minnehaha ,Minneapolis,MN",44.930375,-93.221532,12,Longfellow,Hiawatha,6,1,Yale,02/21/2019,02:08
"1500 Golden Valley Rd,Minneapolis,MN",44.999037,-93.299949,5,Near North,Willard - Hay,1,1,Yale,02/21/2019,02:10
"2211 9th st s,Minneapolis,MN",44.963688,-93.23990500000001,6,Longfellow,Seward,4,1,Yale,02/21/2019,02:11
"2100 nicollet. AV s,Minneapolis,MN",44.961773,-93.278329,10,Powderhorn,Whittier,3,1,Yale,02/21/2019,02:12
"2542 butler pl,Minneapolis,MN",44.964649,-93.23586999999999,2,University,Cedar Riverside,4,1,Yale,02/21/2019,02:13
"2600 Stevens Avenue,Minneapolis,MN",44.955515000000005,-93.275325,10,Powderhorn,Whittier,3,1,Yale,02/21/2019,02:14
"2700 block of1 st ave S,Minneapolis,MN",44.953742,-93.27659,10,Powderhorn,Whittier,3,1,Yale,02/21/2019,02:15
"2100 NICOLLET AVE S,Minneapolis,MN",44.961773,-93.278329,10,Powderhorn,Whittier,3,1,Yale,02/21/2019,02:15
"3508 4TH AVE SO,Minneapolis,MN",44.894157,-93.27065999999999,11,Nokomis,Diamond Lake,5,1,Yale,02/21/2019,02:16
"3022 grand ave s ,Minneapolis,MN",44.947525,-93.284673,8,Powderhorn,Lyndale,5,1,Yale,02/21/2019,02:18
"4417 2nd Ave S Minneapolis, MN,MN",44.922692,-93.273786,8,Nokomis,Regina,5,1,Yale,02/21/2019,02:21
"2400 block of nicollet ave S,Minneapolis,MN",44.958952000000004,-93.278261,10,Powderhorn,Whittier,3,1,Yale,02/21/2019,02:24
"100 block/27th Ave SE,Minneapolis,MN",44.968726000000004,-93.220166,2,University,Prospect Park - East River Road,4,1,Yale,02/21/2019,02:25
"1798 4th street ne,Minneapolis,MN",45.00635,-93.261574,1,Northeast,Holland,2,1,Yale,02/21/2019,02:27
"4319 3rd Ave S,Minneapolis,MN",44.924301,-93.272459,8,Nokomis,Regina,5,1,Yale,02/21/2019,02:27
"2800 31st avenue South,Minneapolis,MN",44.951814,-93.227354,2,Longfellow,Longfellow,4,1,Yale,02/21/2019,02:28
"4001-4099 FREMONT AVE N,Minneapolis,MN",45.027628,-93.295715,4,Camden,Webber - Camden,1,1,Yale,02/21/2019,02:28
"1598 4th street ne,Minneapolis,MN",45.004184,-93.261578,3,Northeast,Sheridan,2,1,Yale,02/21/2019,02:29
"1800 golden valley rd ,Minneapolis,MN",44.998748,-93.30318299999999,5,Near North,Willard - Hay,1,1,Yale,02/21/2019,02:33
"2400 nicollet. Av s,Minneapolis,MN",44.958952000000004,-93.278261,10,Powderhorn,Whittier,3,1,Yale,02/21/2019,02:34
"2600 block of stevens,Minneapolis,MN",44.955515000000005,-93.275325,10,Powderhorn,Whittier,3,1,Yale,02/21/2019,02:36
"1500 golden valley rd ,Minneapolis,MN",44.999037,-93.299949,5,Near North,Willard - Hay,1,1,Yale,02/21/2019,02:37
"2800 Golden Valley Rd,Minneapolis,MN",44.999097,-93.316179,5,Near North,Willard - Hay,1,1,Yale,02/21/2019,02:39
"3039 Bryant ave s,Minneapolis,MN",44.947068,-93.290413,10,Calhoun Isle,South Uptown,5,1,Yale,02/21/2019,02:40
"2600 Stevens Avenue South,Minneapolis,MN",44.955515000000005,-93.275325,10,Powderhorn,Whittier,3,1,Yale,02/21/2019,02:40
"4000 Fremont av n,Minneapolis,MN",45.027815000000004,-93.29557700000001,4,Camden,Webber - Camden,1,1,Yale,02/21/2019,02:42
"3900 44th st e,Minneapolis,MN",44.923344,-93.216741,12,Longfellow,Hiawatha,6,1,Yale,02/21/2019,02:42
"3728 42nd Ave S,Minneapolis,MN",44.934776,-93.213099,12,Longfellow,Howe,6,1,Yale,02/21/2019,02:45
"2100 NICOLLET AVE S,Minneapolis,MN",44.961773,-93.278329,10,Powderhorn,Whittier,3,1,Yale,02/21/2019,02:46
"3918 42nd Ave S,Minneapolis,MN",44.931865,-93.213087,12,Longfellow,Howe,6,1,Yale,02/21/2019,02:48
"1404 quincy street,Minneapolis,MN",45.002479,-93.251451,1,Northeast,Logan Park,2,1,Yale,02/21/2019,02:49
"1121 quincy street,Minneapolis,MN",44.999416,-93.251025,1,Northeast,Logan Park,2,1,Yale,02/21/2019,02:52
"2100 nicollet. AV s,Minneapolis,MN",44.961773,-93.278329,10,Powderhorn,Whittier,3,1,Yale,02/21/2019,02:55
"263 31ST ST W,Minneapolis,MN",44.946585,-93.296902,10,Calhoun Isle,South Uptown,5,1,Yale,02/21/2019,02:55
"2700 Golden Valley Rd,Minneapolis,MN",44.998965000000005,-93.314927,5,Near North,Willard - Hay,1,1,Yale,02/21/2019,03:03
"2100 block of nicollet ave S,Minneapolis,MN",44.961773,-93.278329,10,Powderhorn,Whittier,3,1,Yale,02/21/2019,03:07
"3101 blaisdell ave ,Minneapolis,MN",44.946574,-93.279706,8,Powderhorn,Lyndale,5,1,Yale,02/21/2019,03:07
"2800 Golden Valley Rd ,Minneapolis,MN",44.999097,-93.316179,5,Near North,Willard - Hay,1,1,Yale,02/21/2019,03:08
"301 harrison street,Minneapolis,MN",44.990992999999996,-93.247024,3,University,Marcy Holmes,4,1,Yale,02/21/2019,03:08
"3000 31st ave,Minneapolis,MN",44.948377,-93.227082,2,Longfellow,Longfellow,4,1,Yale,02/21/2019,03:10
"4001-4099 FREMONT AVE N,Minneapolis,MN",45.027628,-93.295715,4,Camden,Webber - Camden,1,1,Yale,02/21/2019,03:11
"2700 Golden Valley Rd,Minneapolis,MN",44.998965000000005,-93.314927,5,Near North,Willard - Hay,1,1,Yale,02/21/2019,03:13
"2600 Stevens Avenue South,Minneapolis,MN",44.955515000000005,-93.275325,10,Powderhorn,Whittier,3,1,Yale,02/21/2019,03:13
"4147 34th st,Minneapolis,MN",44.94147,-93.213394,12,Longfellow,Howe,6,1,Yale,02/21/2019,03:13
"2600 block of stevens,Minneapolis,MN",44.955515000000005,-93.275325,10,Powderhorn,Whittier,3,1,Yale,02/21/2019,03:14
"2100 block of nicollet ave S,Minneapolis,MN",44.961773,-93.278329,10,Powderhorn,Whittier,3,1,Yale,02/21/2019,03:14
"401 harrison street,Minneapolis,MN",44.993681,-93.247222,3,Northeast,Beltrami,2,1,Yale,02/21/2019,03:15
"2700 NICOLLET AVE S,Minneapolis,MN",44.953707,-93.277919,10,Powderhorn,Whittier,3,1,Yale,02/21/2019,03:16
"2480 minnehaha avenue,Minneapolis,MN",44.957592,-93.241054,2,Longfellow,Seward,4,1,Yale,02/21/2019,03:20
"100 19th st e,Minneapolis,MN",44.964161,-93.276545,6,Central,Steven's Square - Loring Heights,3,1,Yale,02/21/2019,03:23
"3000 block of blaisdelll ave ,Minneapolis,MN",44.948359,-93.279701,10,Powderhorn,Whittier,3,1,Yale,02/21/2019,03:26
"1400 44th av n,Minneapolis,MN",45.035756,-93.298147,4,Camden,Webber - Camden,1,1,Yale,02/21/2019,03:29
"3000 block of blaisdell Ave s,Minneapolis,MN",44.948359,-93.279701,10,Powderhorn,Whittier,3,1,Yale,02/21/2019,03:29
"2900 Golden Valley Rd ,Minneapolis,MN",44.999133,-93.317448,5,Near North,Willard - Hay,1,1,Yale,02/21/2019,03:36
"2900 Golden Valley Rd ,Minneapolis,MN",44.999133,-93.317448,5,Near North,Willard - Hay,1,1,Yale,02/21/2019,03:40
"1749 West 31st St. ,Minneapolis,MN",44.946562,-93.304834,10,Calhoun Isle,ECCO,5,1,Yale,02/21/2019,03:40
"00 block 18th st e,Minneapolis,MN",44.965421,-93.274971,6,Central,Steven's Square - Loring Heights,3,1,Yale,02/21/2019,03:46
"2500 Golden Valley Road ,Minneapolis,MN",44.998802000000005,-93.312045,5,Near North,Willard - Hay,1,1,Yale,02/21/2019,03:47
"199 cedar lake rd,Minneapolis,MN",44.979071999999995,-93.301412,5,Near North,Harrison,3,1,Yale,02/21/2019,03:52
"2100 BLOCK OF NICOLLET AVE,Minneapolis,MN",44.961773,-93.278329,10,Powderhorn,Whittier,3,1,Yale,02/21/2019,03:53
"2510 minnehaha avenue,Minneapolis,MN",44.956571999999994,-93.240767,2,Longfellow,Seward,4,1,Yale,02/21/2019,04:01
"3931 42nd Ave S,Minneapolis,MN",44.931519,-93.21248299999999,12,Longfellow,Howe,6,1,Yale,02/21/2019,04:15
"3101 Blasidell AVE,Minneapolis,MN",44.946574,-93.279706,8,Powderhorn,Lyndale,5,1,Yale,02/21/2019,04:15
"3101 Blaisdell AVE,Minneapolis,MN",44.946574,-93.279706,8,Powderhorn,Lyndale,5,1,Yale,02/21/2019,04:18
"3633 Cedar Avenue South,Minneapolis,MN",44.936713,-93.247031,12,Powderhorn,Standish,6,1,Yale,02/21/2019,04:20
"2700 Golden Valley Road,Minneapolis,MN",44.998965000000005,-93.314927,5,Near North,Willard - Hay,1,1,Yale,02/21/2019,04:21
"3100 block of Blaisdell Avenue so,Minneapolis,MN",44.946574,-93.279706,8,Powderhorn,Lyndale,5,1,Yale,02/21/2019,04:25
"2650 grand street ne,Minneapolis,MN",45.016461,-93.270401,1,Northeast,Marshall Terrace,2,1,Yale,02/21/2019,04:29
"2460 26th Street East,Minneapolis,MN",44.955803,-93.236432,2,Longfellow,Seward,4,1,Yale,02/21/2019,04:36
"3100 block of Blaisdell Avenue so,Minneapolis,MN",44.946574,-93.279706,8,Powderhorn,Lyndale,5,1,Yale,02/21/2019,05:00
"4146 Cedar Ave S,Minneapolis,MN",44.927415,-93.24763399999999,8,Powderhorn,Bancroft,6,1,Yale,02/21/2019,05:18
"3235 Cedar Ave S,Minneapolis,MN",44.943349,-93.247403,9,Powderhorn,Corcoran,6,1,Yale,02/21/2019,05:23
"2612 3rd st n ,Minneapolis,MN",44.994181,-93.281878,5,Near North,Near - North,1,2,Yale,02/21/2019,08:16
"424 2ND AVE SE,Minneapolis,MN",44.983242,-93.250139,3,University,Marcy Holmes,4,2,Yale,02/21/2019,08:25
"3020 James ave s ,Minneapolis,MN",44.947579,-93.30368299999999,10,Calhoun Isle,ECCO,5,2,Yale,02/21/2019,08:28
"500 Lynn Park Circle, North,MN",44.997076,-93.286424,5,Near North,Near - North,1,2,Yale,02/21/2019,08:28
"3028 James ave s ,Minneapolis,MN",44.947303999999995,-93.303742,10,Calhoun Isle,ECCO,5,2,Yale,02/21/2019,08:30
"408 2nd Ave SE,Minneapolis,MN",44.987418,-93.25253199999999,3,University,Marcy Holmes,4,2,Yale,02/21/2019,08:32
"3224 N 3rd st ,Minneapolis,MN",45.01345,-93.283699,4,Camden,McKinley,1,2,Yale,02/21/2019,08:34
"322 3rd st n ,Minneapolis,MN",44.9849,-93.275368,3,Central,North Loop,3,2,Yale,02/21/2019,08:36
"414 2nd Ave SE,Minneapolis,MN",44.987421999999995,-93.252528,3,University,Marcy Holmes,4,2,Yale,02/21/2019,08:37
"416 2nd ave se,Minneapolis,MN",44.983353,-93.250248,3,University,Marcy Holmes,4,2,Yale,02/21/2019,08:38
"3450 4th st n,Minneapolis,MN",45.018167,-93.28470300000001,4,Camden,McKinley,1,2,Yale,02/21/2019,08:39
"1818 41 st e,Minneapolis,MN",44.928829,-93.247697,8,Powderhorn,Bancroft,6,2,Yale,02/21/2019,08:44
"402 2nd ave se,Minneapolis,MN",44.983458,-93.250512,3,University,Marcy Holmes,4,2,Yale,02/21/2019,08:47
"Humboldt/ The Mall,Minneapolis,MN",44.949883,-93.300832,7,Calhoun Isle,East Isles,3,2,Yale,02/21/2019,08:49
"520 2nd ave se,Minneapolis,MN",44.982896000000004,-93.249176,3,University,Marcy Holmes,4,2,Yale,02/21/2019,08:51
"1042Aldrich Avenue n,Minneapolis,MN",44.988414,-93.290779,5,Near North,Sumner - Glenwood,1,2,Yale,02/21/2019,08:57
"3222 4th st n ,Minneapolis,MN",45.013901000000004,-93.284648,4,Camden,McKinley,1,2,Yale,02/21/2019,09:05
"3136 Holmes ave,Minneapolis,MN",44.945303,-93.299849,10,Calhoun Isle,ECCO,5,2,Yale,02/21/2019,09:06
"3214 4th st n ,Minneapolis,MN",45.013682,-93.284663,4,Camden,McKinley,1,2,Yale,02/21/2019,09:08
"3032 James ave s,Minneapolis,MN",44.947214,-93.30368299999999,10,Calhoun Isle,ECCO,5,2,Yale,02/21/2019,09:12
"3210 4th st n,Minneapolis,MN",45.013536,-93.284646,4,Camden,McKinley,1,2,Yale,02/21/2019,09:14
"3736 15th ave,Minneapolis,MN",44.934565,-93.25395300000001,9,Powderhorn,Powderhorn Park,6,2,Yale,02/21/2019,09:16
"3116 humboldt ave s,Minneapolis,MN",44.945923,-93.301068,10,Calhoun Isle,ECCO,5,2,Yale,02/21/2019,09:17
"600 4TH AVE SE,Minneapolis,MN",44.988093,-93.248319,3,University,Marcy Holmes,4,2,Yale,02/21/2019,09:18
"824 41st st,Minneapolis,MN",44.928946,-93.262179,8,Powderhorn,Bancroft,6,2,Yale,02/21/2019,09:18
"626 Bryant Avenue n,Minneapolis,MN",44.991409999999995,-93.291051,5,Near North,Near - North,1,2,Yale,02/21/2019,09:19
"2522 4th st n,Minneapolis,MN",45.005564,-93.284653,5,Near North,Hawthorne,1,2,Yale,02/21/2019,09:21
"2016 Emerson Ave S,Minneapolis,MN",44.962118,-93.294708,7,Calhoun Isle,Lowry Hill,3,2,Yale,02/21/2019,09:22
"630 4th st se,Minneapolis,MN",44.984214,-93.24596899999999,3,University,Marcy Holmes,4,2,Yale,02/21/2019,09:22
"624 bryant ave n,Minneapolis,MN",44.991409999999995,-93.291051,5,Near North,Near - North,1,2,Yale,02/21/2019,09:23
"1054 12th ave se,Minneapolis,MN",44.989425,-93.234309,2,University,Como,4,2,Yale,02/21/2019,09:24
"1526 Grand st ne,Minneapolis,MN",45.003454,-93.270415,3,Northeast,Sheridan,2,2,Yale,02/21/2019,09:24
"1830 41st st e,Minneapolis,MN",44.928987,-93.24682800000001,12,Powderhorn,Standish,6,2,Yale,02/21/2019,09:26
"1838 41st st e,Minneapolis,MN",44.928965999999996,-93.246358,12,Powderhorn,Standish,6,2,Yale,02/21/2019,09:29
"1070 12th ave se,Minneapolis,MN",44.990026,-93.23435699999999,2,University,Como,4,2,Yale,02/21/2019,09:29
"800 Aldrich av n ,Minneapolis,MN",44.986451,-93.290699,5,Near North,Sumner - Glenwood,1,2,Yale,02/21/2019,09:31
"2118 grand st ne,Minneapolis,MN",45.009495,-93.270395,3,Northeast,Bottineau,2,2,Yale,02/21/2019,09:31
"2300 4th st n ,Minneapolis,MN",45.002743,-93.284553,5,Near North,Hawthorne,1,2,Yale,02/21/2019,09:33
"114 14TH ST W,Minneapolis,MN",44.968915,-93.276752,7,Central,Loring Park,3,2,Yale,02/21/2019,09:33
"2426 4th st n ,Minneapolis,MN",45.004571999999996,-93.284674,5,Near North,Hawthorne,1,2,Yale,02/21/2019,09:37
"3142 Holmes ave s,Minneapolis,MN",44.945121,-93.299858,10,Calhoun Isle,ECCO,5,2,Yale,02/21/2019,09:41
"526 5th ave se,Minneapolis,MN",44.987032,-93.24665300000001,3,University,Marcy Holmes,4,2,Yale,02/21/2019,09:43
"1802 40th Street East,Minneapolis,MN",44.930628000000006,-93.248482,8,Powderhorn,Bancroft,6,2,Yale,02/21/2019,09:48
"602 5th ave se,Minneapolis,MN",44.987472,-93.246709,3,University,Marcy Holmes,4,2,Yale,02/21/2019,09:49
"501 lyndale pl,Minneapolis,MN",44.983006,-93.288832,5,Near North,Sumner - Glenwood,3,2,Yale,02/21/2019,09:49
"506 3rd ave se,Minneapolis,MN",44.987749,-93.25009,3,University,Marcy Holmes,4,2,Yale,02/21/2019,09:49
"802 5TH AVE SE,Minneapolis,MN",44.989364,-93.24479699999999,3,University,Marcy Holmes,4,2,Yale,02/21/2019,09:49
"1804 40th Street East,Minneapolis,MN",44.930628999999996,-93.248367,8,Powderhorn,Bancroft,6,2,Yale,02/21/2019,09:50
"3700 Longfellow,Minneapolis,MN",44.935793,-93.246315,12,Powderhorn,Standish,6,2,Yale,02/21/2019,09:51
"2020 Fremont Ave S,Minneapolis,MN",44.961918,-93.295968,7,Calhoun Isle,Lowry Hill,3,2,Yale,02/21/2019,09:53
"3216 Holmes ave ,Minneapolis,MN",44.944137,-93.299849,10,Calhoun Isle,ECCO,5,2,Yale,02/21/2019,09:54
"740 Aldrich ave n ,Minneapolis,MN",44.985978,-93.290696,5,Near North,Sumner - Glenwood,1,2,Yale,02/21/2019,09:55
"2500 4th st n,Minneapolis,MN",45.004804,-93.28493,5,Near North,Hawthorne,1,2,Yale,02/21/2019,09:56
"3320 humboldt ave s,Minneapolis,MN",44.942488,-93.30114499999999,10,Calhoun Isle,ECCO,5,2,Yale,02/21/2019,09:57
"1940 Fremont ave s,Minneapolis,MN",44.962878,-93.29598299999999,7,Calhoun Isle,Lowry Hill,3,2,Yale,02/21/2019,09:58
"2904 6th st n ,Minneapolis,MN",45.009567,-93.28675799999999,5,Near North,Hawthorne,1,2,Yale,02/21/2019,09:59
"1002 3rd ave ne,Minneapolis,MN",44.994743,-93.248439,3,University,Marcy Holmes,2,2,Yale,02/21/2019,10:00
"324 6th ave ne,Minneapolis,MN",44.994572999999995,-93.259619,3,Northeast,St. Anthony West,2,2,Yale,02/21/2019,10:01
"1086 12th ave se,Minneapolis,MN",44.990464,-93.234328,2,University,Como,4,2,Yale,02/21/2019,10:02
"415 5th ave se,Minneapolis,MN",44.986059000000004,-93.248266,3,University,Marcy Holmes,4,2,Yale,02/21/2019,10:04
"1318 grand st ne,Minneapolis,MN",45.001055,-93.269257,3,Northeast,Sheridan,2,2,Yale,02/21/2019,10:05
"1106 13th ave se,Minneapolis,MN",44.991001000000004,-93.233052,2,University,Como,4,2,Yale,02/21/2019,10:06
"1116 Humboldt ave n ,Minneapolis,MN",44.989496,-93.297572,5,Near North,Near - North,1,2,Yale,02/21/2019,10:06
"1208 NE main st ,Minneapolis,MN",45.000023,-93.267975,3,Northeast,Sheridan,2,2,Yale,02/21/2019,10:06
"1202 Humboldt Ave. N.,Minneapolis,MN",44.990894,-93.29818399999999,5,Near North,Near - North,1,2,Yale,02/21/2019,10:07
"326 4th ave se,Minneapolis,MN",44.985624,-93.249983,3,University,Marcy Holmes,4,2,Yale,02/21/2019,10:07
"708 5th ave n ,Minneapolis,MN",44.996883000000004,-93.259302,3,Northeast,St. Anthony West,2,2,Yale,02/21/2019,10:09
"720 6th ave se,Minneapolis,MN",44.988357,-93.24373299999999,3,University,Marcy Holmes,4,2,Yale,02/21/2019,10:09
"1642 vincent ave n,Minneapolis,MN",44.996634,-93.315577,5,Near North,Willard - Hay,1,2,Yale,02/21/2019,10:09
"326 6th ave se,Minneapolis,MN",44.984607000000004,-93.24676,3,University,Marcy Holmes,4,2,Yale,02/21/2019,10:14
"504 5th ave se ,Minneapolis,MN",44.986469,-93.24708299999999,3,University,Marcy Holmes,4,2,Yale,02/21/2019,10:18
"1012 5th av n,Minneapolis,MN",44.982898,-93.292692,5,Near North,Sumner - Glenwood,3,2,Yale,02/21/2019,10:18
"305 5TH AVE SE,Minneapolis,MN",44.984812,-93.249096,3,University,Marcy Holmes,4,2,Yale,02/21/2019,10:18
"3208 Holmes ave s,Minneapolis,MN",44.944355,-93.29988900000001,10,Calhoun Isle,ECCO,5,2,Yale,02/21/2019,10:19
"826 5th av n ,Minneapolis,MN",44.998404,-93.260324,3,Northeast,St. Anthony West,2,2,Yale,02/21/2019,10:24
"1020 N Fremont ave ,Minneapolis,MN",44.991984,-93.29565,5,Near North,Near - North,1,2,Yale,02/21/2019,10:27
"1406 Girard Ave. N.,Minneapolis,MN",44.993346,-93.296864,5,Near North,Near - North,1,2,Yale,02/21/2019,10:31
"3238 6th st n ,Minneapolis,MN",45.014409,-93.286224,4,Camden,McKinley,1,2,Yale,02/21/2019,10:31
"1646 vincent ave n,Minneapolis,MN",44.996744,-93.315551,5,Near North,Willard - Hay,1,2,Yale,02/21/2019,10:32
"2004 Girard Ave S,Minneapolis,MN",44.962458000000005,-93.29714799999999,7,Calhoun Isle,Lowry Hill,3,2,Yale,02/21/2019,10:33
"416 7th ave se,Minneapolis,MN",44.984696,-93.244837,3,University,Marcy Holmes,4,2,Yale,02/21/2019,10:34
"310 4th st ne,Minneapolis,MN",44.991802,-93.257559,3,Northeast,St. Anthony West,2,2,Yale,02/21/2019,10:35
"1810 Dupont ave s,Minneapolis,MN",44.964925,-93.293426,7,Calhoun Isle,Lowry Hill,3,2,Yale,02/21/2019,10:35
"3546 6th st ,Minneapolis,MN",45.019874,-93.286243,4,Camden,McKinley,1,2,Yale,02/21/2019,10:35
"416 5th st ne,Minneapolis,MN",44.993719,-93.25710699999999,3,Northeast,St. Anthony West,2,2,Yale,02/21/2019,10:36
"1804 Irving ave n ,Minneapolis,MN",44.997663,-93.299127,5,Near North,Near - North,1,2,Yale,02/21/2019,10:36
"530 irving av n,Minneapolis,MN",44.983098999999996,-93.299432,5,Near North,Harrison,3,2,Yale,02/21/2019,10:37
"3112 GIRARD AVE S ,Minneapolis,MN",44.946053000000006,-93.2974,10,Calhoun Isle,South Uptown,5,2,Yale,02/21/2019,10:38
"300 5th ave se,Minneapolis,MN",44.984495,-93.249038,3,University,Marcy Holmes,4,2,Yale,02/21/2019,10:38
"1008 37th st e,Minneapolis,MN",44.936081,-93.259686,9,Powderhorn,Powderhorn Park,6,2,Yale,02/21/2019,10:38
"1820 BRYANT AVE S,Minneapolis,MN",44.96464,-93.290903,7,Calhoun Isle,Lowry Hill,3,2,Yale,02/21/2019,10:39
"1006 12th ave se,Minneapolis,MN",44.988115,-93.234358,2,University,Como,4,2,Yale,02/21/2019,10:40
"1774 BRYANT AVE S,Minneapolis,MN",44.965933,-93.290887,7,Calhoun Isle,Lowry Hill,3,2,Yale,02/21/2019,10:41
"914 37th st e,Minneapolis,MN",44.936129,-93.26106899999999,9,Powderhorn,Powderhorn Park,6,2,Yale,02/21/2019,10:41
"3638 Longfellow Avenue South,Minneapolis,MN",44.936522,-93.24632,12,Powderhorn,Standish,6,2,Yale,02/21/2019,10:42
"502 5th ave se,Minneapolis,MN",44.986411,-93.247127,3,University,Marcy Holmes,4,2,Yale,02/21/2019,10:42
"1022 12th ave se,Minneapolis,MN",44.988541999999995,-93.23419200000001,2,University,Como,4,2,Yale,02/21/2019,10:42
"2102 Clinton Avenue South,Minneapolis,MN",44.961490000000005,-93.271619,10,Powderhorn,Whittier,3,2,Yale,02/21/2019,10:42
"2104 3rd st ne,Minneapolis,MN",45.009504,-93.264946,3,Northeast,Bottineau,2,2,Yale,02/21/2019,10:44
"922 12th Ave se,Minneapolis,MN",44.986975,-93.234567,2,University,Como,4,2,Yale,02/21/2019,10:44
"816 40th st e,Minneapolis,MN",44.930553,-93.262286,8,Powderhorn,Bancroft,6,2,Yale,02/21/2019,10:44
"716 6TH AVE SE,Minneapolis,MN",44.988365,-93.24415400000001,3,University,Marcy Holmes,4,2,Yale,02/21/2019,10:46
"2410 3rd st ne,Minneapolis,MN",45.012567,-93.264979,3,Northeast,Bottineau,2,2,Yale,02/21/2019,10:47
"1818 VINCENT AVE N,Minneapolis,MN",44.99832,-93.315612,5,Near North,Willard - Hay,1,2,Yale,02/21/2019,10:50
"3608 Longfellow Avenue South,Minneapolis,MN",44.937360999999996,-93.246324,12,Powderhorn,Standish,6,2,Yale,02/21/2019,10:52
"1522 3rd st ne,Minneapolis,MN",45.003852,-93.264933,3,Northeast,Sheridan,2,2,Yale,02/21/2019,10:52
"802 7th st se,Minneapolis,MN",44.985698,-93.239622,3,University,Marcy Holmes,4,2,Yale,02/21/2019,10:53
"624 7th ave se,Minneapolis,MN",44.986913,-93.243073,3,University,Marcy Holmes,4,2,Yale,02/21/2019,10:54
"4428 S choweN ave ,Minneapolis,MN",44.922026,-93.32592,13,Southwest,Linden Hills,5,2,Yale,02/21/2019,10:54
"3220 20th Avenue South,Minneapolis,MN",44.94388,-93.243848,9,Powderhorn,Corcoran,6,2,Yale,02/21/2019,10:55
"4424 chosen ave s,Minneapolis,MN",44.922140999999996,-93.32592199999999,13,Southwest,Linden Hills,5,2,Yale,02/21/2019,10:57
"2218 4th av n ,Minneapolis,MN",44.981799,-93.309198,5,Near North,Harrison,3,2,Yale,02/21/2019,10:59
"720 Jefferson St NE,Minneapolis,MN",44.997564000000004,-93.255255,3,Northeast,St. Anthony East,2,2,Yale,02/21/2019,11:05
"3214 GIRARD ave s ,Minneapolis,MN",44.944174,-93.297426,10,Calhoun Isle,South Uptown,5,2,Yale,02/21/2019,11:07
"1606 6th st ne,Minneapolis,MN",45.004419,-93.259114,3,Northeast,Sheridan,2,2,Yale,02/21/2019,11:07
"4430chowen ave s,Minneapolis,MN",44.921966999999995,-93.326083,13,Southwest,Linden Hills,5,2,Yale,02/21/2019,11:12
"306 7TH AVE SE,Minneapolis,MN",44.983315999999995,-93.24591600000001,3,University,Marcy Holmes,4,2,Yale,02/21/2019,11:12
"516 11th Ave se,Minneapolis,MN",44.983666,-93.238426,3,University,Marcy Holmes,4,2,Yale,02/21/2019,11:12
"3822 6th st n ,Minneapolis,MN",45.024607,-93.28611,4,Camden,Webber - Camden,1,2,Yale,02/21/2019,11:13
"304 7th ave se,Minneapolis,MN",44.983422,-93.24624399999999,3,University,Marcy Holmes,4,2,Yale,02/21/2019,11:13
"2218 Stevens ave s,Minneapolis,MN",44.96076,-93.275873,10,Powderhorn,Whittier,3,2,Yale,02/21/2019,11:13
"912 12th Ave se,Minneapolis,MN",44.986261999999996,-93.234794,3,University,Marcy Holmes,4,2,Yale,02/21/2019,11:15
"4434 chowen ave s,Minneapolis,MN",44.92188,-93.32557,13,Southwest,Linden Hills,5,2,Yale,02/21/2019,11:15
"2214 32nd st,Minneapolis,MN",44.94494,-93.23984200000001,9,Powderhorn,Corcoran,6,2,Yale,02/21/2019,11:15
"2412 Clinton Avenue South,Minneapolis,MN",44.958676000000004,-93.27172900000001,10,Powderhorn,Whittier,3,2,Yale,02/21/2019,11:16
"420 8th ave se,Minneapolis,MN",44.984341,-93.243298,3,University,Marcy Holmes,4,2,Yale,02/21/2019,11:16
"1214 Frontage ROAD,Minneapolis,MN",44.984885999999996,-93.303497,5,Near North,Near - North,1,2,Yale,02/21/2019,11:16
"1322 adams st ne,Minneapolis,MN",45.00161,-93.256584,1,Northeast,Logan Park,2,2,Yale,02/21/2019,11:18
"2328 32nd st,Minneapolis,MN",44.94495,-93.237837,9,Powderhorn,Corcoran,6,2,Yale,02/21/2019,11:18
"1010 13th ave se,Minneapolis,MN",44.988191,-93.233037,2,University,Como,4,2,Yale,02/21/2019,11:19
"2220 Stevens Ave S,Minneapolis,MN",44.960745,-93.275874,10,Powderhorn,Whittier,3,2,Yale,02/21/2019,11:19
"800 7th st se,Minneapolis,MN",44.985698,-93.239622,3,University,Marcy Holmes,4,2,Yale,02/21/2019,11:19
"1114 Adams st ne,Minneapolis,MN",44.999204,-93.256547,1,Northeast,Logan Park,2,2,Yale,02/21/2019,11:19
"2804 Oak Park Ave. N.,Minneapolis,MN",44.988092,-93.315991,5,Near North,Willard - Hay,1,2,Yale,02/21/2019,11:20
"1018 12th ave se,Minneapolis,MN",44.988459000000006,-93.234338,2,University,Como,4,2,Yale,02/21/2019,11:21
"1800 vincent ave n,Minneapolis,MN",44.99791,-93.315607,5,Near North,Willard - Hay,1,2,Yale,02/21/2019,11:22
"1912 laurel av ,Minneapolis,MN",44.974259,-93.303983,7,Calhoun Isle,Bryn - Mawr,3,2,Yale,02/21/2019,11:23
"802 6th st se,Minneapolis,MN",44.985531,-93.24255600000001,3,University,Marcy Holmes,4,2,Yale,02/21/2019,11:23
"726 jefferson st ne,Minneapolis,MN",44.997709,-93.255271,3,Northeast,St. Anthony East,2,2,Yale,02/21/2019,11:25
"3142 22 ave s,Minneapolis,MN",44.94531,-93.240941,9,Powderhorn,Corcoran,6,2,Yale,02/21/2019,11:26
"1716 adams st ne,Minneapolis,MN",45.00549,-93.256282,1,Northeast,Logan Park,2,2,Yale,02/21/2019,11:26
"3046 16th Ave so,Minneapolis,MN",44.946888,-93.251499,9,Powderhorn,Powderhorn Park,6,2,Yale,02/21/2019,11:27
"1704 madison st ne,Minneapolis,MN",45.005169,-93.253737,1,Northeast,Logan Park,2,2,Yale,02/21/2019,11:28
"2010 2nd ave S,Minneapolis,MN",44.962148,-93.274328,10,Powderhorn,Whittier,3,2,Yale,02/21/2019,11:28
"402 8th ave se,Minneapolis,MN",44.983824,-93.24373800000001,3,University,Marcy Holmes,4,2,Yale,02/21/2019,11:29
"1812 VINCENT AVE N,Minneapolis,MN",44.998312,-93.315574,5,Near North,Willard - Hay,1,2,Yale,02/21/2019,11:29
"610 11 Avenue se,Minneapolis,MN",44.984386,-93.23786,3,University,Marcy Holmes,4,2,Yale,02/21/2019,11:31
"218 7TH AVE SE,Minneapolis,MN",44.98257,-93.24637,3,University,Marcy Holmes,4,2,Yale,02/21/2019,11:33
"2104 2nd ave S,Minneapolis,MN",44.961469,-93.274328,10,Powderhorn,Whittier,3,2,Yale,02/21/2019,11:33
"804 11 ave se,Minneapolis,MN",44.986244,-93.236678,3,University,Marcy Holmes,4,2,Yale,02/21/2019,11:34
"1408 33rd st w,Minneapolis,MN",44.943123,-93.297701,10,Calhoun Isle,South Uptown,5,2,Yale,02/21/2019,11:35
"1230 brook ace se,Minneapolis,MN",44.986393,-93.229442,2,University,Como,4,2,Yale,02/21/2019,11:40
"712 6th st se,Minneapolis,MN",44.985935,-93.243514,3,University,Marcy Holmes,4,2,Yale,02/21/2019,11:41
"1092 13th Ave se ,Minneapolis,MN",44.990628,-93.233032,2,University,Como,4,2,Yale,02/21/2019,11:42
"3818 Aldrich ave n ,Minneapolis,MN",45.024536,-93.28907099999999,4,Camden,Webber - Camden,1,2,Yale,02/21/2019,11:42
"2416 Clinton Avenue South,Minneapolis,MN",44.958627,-93.271615,10,Powderhorn,Whittier,3,2,Yale,02/21/2019,11:44
"1238 Morgan Ave. N.,Minneapolis,MN",44.990904,-93.304107,5,Near North,Near - North,1,2,Yale,02/21/2019,11:44
"632 quincy st ne,Minneapolis,MN",44.996096,-93.251408,3,Northeast,St. Anthony East,2,2,Yale,02/21/2019,11:45
"3808 Aldrich ave n ,Minneapolis,MN",45.024259,-93.28905300000001,4,Camden,Webber - Camden,1,2,Yale,02/21/2019,11:45
"342 quincy st ne,Minneapolis,MN",44.994761,-93.251435,3,Northeast,St. Anthony East,2,2,Yale,02/21/2019,11:49
"3112 22nd Avenue South,Minneapolis,MN",44.94611,-93.240981,9,Powderhorn,Corcoran,6,2,Yale,02/21/2019,11:50
"728 quincy st ne,Minneapolis,MN",44.997819,-93.251416,3,Northeast,St. Anthony East,2,2,Yale,02/21/2019,11:51
"1830 36th Street East,Minneapolis,MN",44.937913,-93.246915,9,Powderhorn,Corcoran,6,2,Yale,02/21/2019,11:54
"1312 32nd st w ,Minneapolis,MN",44.944902,-93.29669799999999,10,Calhoun Isle,South Uptown,5,2,Yale,02/21/2019,11:54
"810 6th st se,Minneapolis,MN",44.985358000000005,-93.242151,3,University,Marcy Holmes,4,2,Yale,02/21/2019,11:55
"1326 madison st ne,Minneapolis,MN",45.00179,-93.254078,1,Northeast,Logan Park,2,2,Yale,02/21/2019,11:56
"710 7th ave se,Minneapolis,MN",44.987651,-93.242645,3,University,Marcy Holmes,4,2,Yale,02/21/2019,12:00
"3500 Holmes ave,Minneapolis,MN",44.93938,-93.299908,10,Calhoun Isle,ECCO,5,2,Yale,02/21/2019,12:02
"2306 Stevens ave s,Minneapolis,MN",44.960083000000004,-93.275876,10,Powderhorn,Whittier,3,2,Yale,02/21/2019,12:02
"3016 humboldt ave s,Minneapolis,MN",44.947998,-93.301101,10,Calhoun Isle,ECCO,5,2,Yale,02/21/2019,12:04
"2434 Harriet Ave South,Minneapolis,MN",44.958099,-93.285811,10,Powderhorn,Whittier,3,2,Yale,02/21/2019,12:04
"602 12TH AVE SE,Minneapolis,MN",44.983785,-93.23642,3,University,Marcy Holmes,4,2,Yale,02/21/2019,12:04
"338 quincy st ne,Minneapolis,MN",44.994756,-93.251423,3,Northeast,St. Anthony East,2,2,Yale,02/21/2019,12:05
"2404 Stevens Ave S,Minneapolis,MN",44.958785999999996,-93.275607,10,Powderhorn,Whittier,3,2,Yale,02/21/2019,12:06
"430 7th st se,Minneapolis,MN",44.989841,-93.249431,3,University,Marcy Holmes,4,2,Yale,02/21/2019,12:07
"626 jackson st ne,Minneapolis,MN",44.995886,-93.25013100000001,3,Northeast,St. Anthony East,2,2,Yale,02/21/2019,12:08
"2102 32nd st,Minneapolis,MN",44.945031,-93.242184,9,Powderhorn,Corcoran,6,2,Yale,02/21/2019,12:09
"330 7th st se,Minneapolis,MN",44.989841,-93.249431,3,University,Marcy Holmes,4,2,Yale,02/21/2019,12:09
"706 Morgan Ave. N.,Minneapolis,MN",44.985393,-93.30422800000001,5,Near North,Near - North,1,2,Yale,02/21/2019,12:11
"1912 VINCENT AVE N,Minneapolis,MN",44.999297999999996,-93.315552,5,Near North,Willard - Hay,1,2,Yale,02/21/2019,12:11
"3110 15th ave,Minneapolis,MN",44.946176,-93.254019,9,Powderhorn,Powderhorn Park,6,2,Yale,02/21/2019,12:12
"826 6th ave se,Minneapolis,MN",44.989552,-93.243066,3,University,Marcy Holmes,4,2,Yale,02/21/2019,12:12
"1002 5th st se,Minneapolis,MN",44.983249,-93.240302,3,University,Marcy Holmes,4,2,Yale,02/21/2019,12:14
"926 7th st se,Minneapolis,MN",44.985620000000004,-93.239519,3,University,Marcy Holmes,4,2,Yale,02/21/2019,12:15
"508 12th ave se,Minneapolis,MN",44.982872,-93.237255,3,University,Marcy Holmes,4,2,Yale,02/21/2019,12:16
"3806 Aldrich ave n ,Minneapolis,MN",45.024193,-93.288963,4,Camden,Webber - Camden,1,2,Yale,02/21/2019,12:18
"1014 32nd st w,Minneapolis,MN",44.944722,-93.29214499999999,10,Calhoun Isle,South Uptown,5,2,Yale,02/21/2019,12:20
"324 12th ave se,Minneapolis,MN",44.980866,-93.239142,3,University,Marcy Holmes,4,2,Yale,02/21/2019,12:20
"1928 2ND AVE S,Minneapolis,MN",44.962946,-93.274345,6,Central,Steven's Square - Loring Heights,3,2,Yale,02/21/2019,12:21
"3950 Bryant ave n ,Minneapolis,MN",45.027235,-93.29037,4,Camden,Webber - Camden,1,2,Yale,02/21/2019,12:23
"1830 2ND AVE S,Minneapolis,MN",44.964778,-93.274028,6,Central,Steven's Square - Loring Heights,3,2,Yale,02/21/2019,12:23
"504 11ave se,Minneapolis,MN",44.983145,-93.238585,3,University,Marcy Holmes,4,2,Yale,02/21/2019,12:29
"3650h 18 th ave s,Minneapolis,MN",44.936268,-93.248897,9,Powderhorn,Powderhorn Park,6,2,Yale,02/21/2019,12:29
"3248 16th av s,Minneapolis,MN",44.94319,-93.251468,9,Powderhorn,Powderhorn Park,6,2,Yale,02/21/2019,12:30
"1230 Logan Ave. N.,Minneapolis,MN",44.990677000000005,-93.302817,5,Near North,Near - North,1,2,Yale,02/21/2019,12:31
"1024 5th street se,Minneapolis,MN",44.983098999999996,-93.239714,3,University,Marcy Holmes,4,2,Yale,02/21/2019,12:32
"4020 18th av s,Minneapolis,MN",44.929744,-93.248875,8,Powderhorn,Bancroft,6,2,Yale,02/21/2019,12:33
"714 13TH AVE SE,Minneapolis,MN",44.984408,-93.234145,3,University,Marcy Holmes,4,2,Yale,02/21/2019,12:34
"16 Oak Grove st,Minneapolis,MN",44.966561999999996,-93.278915,7,Central,Loring Park,3,2,Yale,02/21/2019,12:36
"1018 5th st se,Minneapolis,MN",44.983359,-93.23971999999999,3,University,Marcy Holmes,4,2,Yale,02/21/2019,12:37
"2630 2nd ave S,Minneapolis,MN",44.95436,-93.274344,10,Powderhorn,Whittier,3,2,Yale,02/21/2019,12:41
"1212 7th st se,Minneapolis,MN",44.984194,-93.23593199999999,3,University,Marcy Holmes,4,2,Yale,02/21/2019,12:42
"1082 24th avebse,Minneapolis,MN",44.990590999999995,-93.218716,1,University,Como,4,2,Yale,02/21/2019,12:45
"3532 Longfellow Avenue South,Minneapolis,MN",44.938344,-93.24633399999999,9,Powderhorn,Corcoran,6,2,Yale,02/21/2019,12:46
"1108 5th st se,Minneapolis,MN",44.982721999999995,-93.238872,3,University,Marcy Holmes,4,2,Yale,02/21/2019,12:46
"314 7th ave se,Minneapolis,MN",44.983395,-93.245853,3,University,Marcy Holmes,4,2,Yale,02/21/2019,12:47
"3922 Bryant ave n ,Minneapolis,MN",45.026469,-93.290361,4,Camden,Webber - Camden,1,2,Yale,02/21/2019,12:47
"1058 24th ave se,Minneapolis,MN",44.98987,-93.218611,1,University,Como,4,2,Yale,02/21/2019,12:49
"2704 2ND AVE S ,Minneapolis,MN",44.953503999999995,-93.274332,10,Powderhorn,Whittier,3,2,Yale,02/21/2019,12:49
"3644 Longfellow Avenue South,Minneapolis,MN",44.93636,-93.246319,12,Powderhorn,Standish,6,2,Yale,02/21/2019,12:49
"4002 Bryant ave n ,Minneapolis,MN",45.027801000000004,-93.290328,4,Camden,Webber - Camden,1,2,Yale,02/21/2019,12:50
"3136 Fremont ,Minneapolis,MN",44.945298,-93.296049,10,Calhoun Isle,South Uptown,5,2,Yale,02/21/2019,12:51
"724 20th ave ne,Minneapolis,MN",45.008753000000006,-93.25138000000001,1,Northeast,Holland,2,2,Yale,02/21/2019,12:52
"1324 7th st se,Minneapolis,MN",44.983317,-93.233834,3,University,Marcy Holmes,4,2,Yale,02/21/2019,12:54
"1524 Morgan Ave. N.,Minneapolis,MN",44.994959,-93.304161,5,Near North,Willard - Hay,1,2,Yale,02/21/2019,12:55
"1118 34th st w,Minneapolis,MN",44.941491,-93.293479,10,Calhoun Isle,South Uptown,5,2,Yale,02/21/2019,12:55
"722 20th ave ne,Minneapolis,MN",45.008722999999996,-93.25139200000001,1,Northeast,Holland,2,2,Yale,02/21/2019,12:59
"3518 girard ave s,Minneapolis,MN",44.938924,-93.297351,10,Calhoun Isle,South Uptown,5,2,Yale,02/21/2019,13:04
"2318 quincy st ne,Minneapolis,MN",45.011463,-93.25122900000001,1,Northeast,Holland,2,2,Yale,02/21/2019,13:06
"3248 girard ave s ,Minneapolis,MN",44.943169,-93.297433,10,Calhoun Isle,South Uptown,5,2,Yale,02/21/2019,13:06
"704 13TH AVE SE,Minneapolis,MN",44.984053,-93.23441700000001,3,University,Marcy Holmes,4,2,Yale,02/21/2019,13:07
"136 14th ave ne,Minneapolis,MN",45.001768,-93.268598,3,Northeast,Sheridan,2,2,Yale,02/21/2019,13:07
"2512 Stevens Ave South,Minneapolis,MN",44.956711,-93.275566,10,Powderhorn,Whittier,3,2,Yale,02/21/2019,13:10
"466 taylor st ne,Minneapolis,MN",44.994332,-93.243512,3,Northeast,Beltrami,2,2,Yale,02/21/2019,13:10
"136 14th ave ne,Minneapolis,MN",45.001768,-93.268598,3,Northeast,Sheridan,2,2,Yale,02/21/2019,13:12
"2510 quincy st ne,Minneapolis,MN",45.013579,-93.251193,1,Northeast,Holland,2,2,Yale,02/21/2019,13:14
"3142 11th ave s,Minneapolis,MN",44.945691,-93.2591,9,Powderhorn,Powderhorn Park,6,2,Yale,02/21/2019,13:14
"1332 Morgan Ave. N,Minneapolis,MN",44.992592,-93.3041,5,Near North,Willard - Hay,1,2,Yale,02/21/2019,13:18
"438 Pierce st ne,Minneapolis,MN",44.994424,-93.24124499999999,3,Northeast,Beltrami,2,2,Yale,02/21/2019,13:19
"2206 Fairmount st se,Minneapolis,MN",44.986082,-93.221198,2,University,Como,4,2,Yale,02/21/2019,13:20
"3754 Bryant ave n ,Minneapolis,MN",45.023699,-93.29024,4,Camden,McKinley,1,2,Yale,02/21/2019,13:21
"3748 Bryant ave n ,Minneapolis,MN",45.023534000000005,-93.290296,4,Camden,McKinley,1,2,Yale,02/21/2019,13:24
"706 7rh st se,Minneapolis,MN",44.972792,-93.262312,7,Central,Elliot Park,3,2,Yale,02/21/2019,13:24
"1416 34th st w ,Minneapolis,MN",44.941491,-93.298119,10,Calhoun Isle,South Uptown,5,2,Yale,02/21/2019,13:24
"1532 32nd st e,Minneapolis,MN",44.944734999999994,-93.251991,9,Powderhorn,Powderhorn Park,6,2,Yale,02/21/2019,13:25
"1314 36th st,Minneapolis,MN",44.93793,-93.25549699999999,9,Powderhorn,Powderhorn Park,6,2,Yale,02/21/2019,13:27
"718 11 ave se,Minneapolis,MN",44.985624,-93.236926,3,University,Marcy Holmes,4,2,Yale,02/21/2019,13:29
"1414 36th st,Minneapolis,MN",44.93792,-93.25416700000001,9,Powderhorn,Powderhorn Park,6,2,Yale,02/21/2019,13:29
"2306 Fairmont st se,Minneapolis,MN",44.985959,-93.220237,2,University,Como,4,2,Yale,02/21/2019,13:31
"1016 5th street se,Minneapolis,MN",44.983124,-93.239988,3,University,Marcy Holmes,4,2,Yale,02/21/2019,13:36
"722 13th ave se,Minneapolis,MN",44.98464,-93.234025,3,University,Marcy Holmes,4,2,Yale,02/21/2019,13:37
"1410 6th ave se,Minneapolis,MN",44.989809,-93.24298,3,University,Marcy Holmes,4,2,Yale,02/21/2019,13:37
"1118 Newton Ave. N. ,Minneapolis,MN",44.989509999999996,-93.305369,5,Near North,Near - North,1,2,Yale,02/21/2019,13:39
"2218 Harriet Ave S,Minneapolis,MN",44.96025,-93.285735,10,Powderhorn,Whittier,3,2,Yale,02/21/2019,13:39
"1032 24th ave se,Minneapolis,MN",44.988944000000004,-93.218728,1,University,Como,4,2,Yale,02/21/2019,13:41
"1002 6th ave se,Minneapolis,MN",44.989809,-93.24298,3,University,Marcy Holmes,4,2,Yale,02/21/2019,13:43
"1006 24th ave se,Minneapolis,MN",44.988169,-93.21873000000001,1,University,Como,4,2,Yale,02/21/2019,13:44
"2320 quincy st ne,Minneapolis,MN",45.011565999999995,-93.25121999999999,1,Northeast,Holland,2,2,Yale,02/21/2019,13:51
"1006 24th ave se,Minneapolis,MN",44.988169,-93.21873000000001,1,University,Como,4,2,Yale,02/21/2019,13:51
"3542 Emerson ave s ,Minneapolis,MN",44.938210999999995,-93.294933,10,Calhoun Isle,South Uptown,5,2,Yale,02/21/2019,13:52
"2322 madison st ne,Minneapolis,MN",45.011878,-93.254593,1,Northeast,Holland,2,2,Yale,02/21/2019,13:52
"138 Colfax ave n ,Minneapolis,MN",44.977969,-93.291026,5,Near North,Harrison,3,2,Yale,02/21/2019,13:53
"2204 howard st ne,Minneapolis,MN",45.010185,-93.252791,1,Northeast,Holland,2,2,Yale,02/21/2019,13:54
"1038 20TH AVE SE,Minneapolis,MN",44.989008,-93.22391,1,University,Como,4,2,Yale,02/21/2019,13:55
"2940 harriet,Minneapolis,MN",44.949028000000006,-93.285933,10,Powderhorn,Whittier,3,2,Yale,02/21/2019,13:56
"1032 20th ave se,Minneapolis,MN",44.988843,-93.223938,1,University,Como,4,2,Yale,02/21/2019,13:56
"2324 howard st ne,Minneapolis,MN",45.011932,-93.252802,1,Northeast,Holland,2,2,Yale,02/21/2019,13:56
"3024 36th st e,Minneapolis,MN",44.937934000000006,-93.227926,12,Longfellow,Howe,6,2,Yale,02/21/2019,13:56
"3750 Bryant ave n ,Minneapolis,MN",45.023589,-93.290267,4,Camden,McKinley,1,2,Yale,02/21/2019,13:57
"2308 grand ave ,Minneapolis,MN",44.959734000000005,-93.28447,10,Powderhorn,Whittier,3,2,Yale,02/21/2019,13:57
"2406 cole Ave se,Minneapolis,MN",44.985994,-93.218942,2,University,Como,4,2,Yale,02/21/2019,13:57
"1910 RUSSELL AVE N,Minneapolis,MN",44.999153,-93.31045400000001,5,Near North,Willard - Hay,1,2,Yale,02/21/2019,13:59
"3506 Logan av n ,Minneapolis,MN",45.018884,-93.302891,4,Camden,Folwell,1,2,Yale,02/21/2019,13:59
"3102 37th st e,Minneapolis,MN",44.936107,-93.227815,12,Longfellow,Howe,6,2,Yale,02/21/2019,13:59
"2738 2nd ave S,Minneapolis,MN",44.952481,-93.274372,10,Powderhorn,Whittier,3,2,Yale,02/21/2019,14:00
"2324 quincy st ne,Minneapolis,MN",45.011681,-93.251254,1,Northeast,Holland,2,2,Yale,02/21/2019,14:02
"2226 howard st ne,Minneapolis,MN",45.010807,-93.252789,1,Northeast,Holland,2,2,Yale,02/21/2019,14:03
"2510 stevens ave s,Minneapolis,MN",44.956856,-93.275583,10,Powderhorn,Whittier,3,2,Yale,02/21/2019,14:06
"808 oliver ave n,Minneapolis,MN",44.986411,-93.306712,5,Near North,Near - North,1,2,Yale,02/21/2019,14:09
"3132 HOLMES AVE ,Minneapolis,MN",44.945412,-93.299849,10,Calhoun Isle,ECCO,5,2,Yale,02/21/2019,14:11
"502 bryant av ,Minneapolis,MN",44.98303,-93.290587,5,Near North,Sumner - Glenwood,3,2,Yale,02/21/2019,14:15
"524 N bryant ,Minneapolis,MN",44.983613,-93.29083,5,Near North,Sumner - Glenwood,3,2,Yale,02/21/2019,14:15
"3218 16th Avenue South,Minneapolis,MN",44.944117999999996,-93.251488,9,Powderhorn,Powderhorn Park,6,2,Yale,02/21/2019,14:23
"3108 Colfax ave s,Minneapolis,MN",44.946176,-93.2923,10,Calhoun Isle,South Uptown,5,2,Yale,02/21/2019,14:24
"1298 36 st w,Minneapolis,MN",44.93768,-93.295847,10,Calhoun Isle,South Uptown,5,2,Yale,02/21/2019,14:26
"1010 27th ave se,Minneapolis,MN",44.988302000000004,-93.213926,1,University,Como,4,2,Yale,02/21/2019,14:26
"3340 Colfax ave s,Minneapolis,MN",44.941711,-93.29235899999999,10,Calhoun Isle,South Uptown,5,2,Yale,02/21/2019,14:26
"3212 ave s,Minneapolis,MN",44.94422,-93.288562,10,Calhoun Isle,South Uptown,5,2,Yale,02/21/2019,14:26
"1808 talmage ave se,Minneapolis,MN",44.989641,-93.22681800000001,1,University,Como,4,2,Yale,02/21/2019,14:27
"3202 37th st e,Minneapolis,MN",44.936116999999996,-93.226855,12,Longfellow,Howe,6,2,Yale,02/21/2019,14:29
"4216 Bryant ave n ,Minneapolis,MN",45.032049,-93.290449,4,Camden,Webber - Camden,1,2,Yale,02/21/2019,14:30
"2124 HARRIET AVE S,Minneapolis,MN",44.961090999999996,-93.285765,10,Powderhorn,Whittier,3,2,Yale,02/21/2019,14:30
"2916 HARRIET AVE S,Minneapolis,MN",44.949633,-93.285886,10,Powderhorn,Whittier,3,2,Yale,02/21/2019,14:33
"3524 36 th st e,Minneapolis,MN",44.937936,-93.221349,12,Longfellow,Howe,6,2,Yale,02/21/2019,14:34
"3030 13th Avenue South,Minneapolis,MN",44.947272,-93.256536,9,Powderhorn,Powderhorn Park,6,2,Yale,02/21/2019,14:35
"3236 Colfax ave n ,Minneapolis,MN",45.014342,-93.291549,4,Camden,McKinley,1,2,Yale,02/21/2019,14:38
"3108 14th ave,Minneapolis,MN",44.94625,-93.255318,9,Powderhorn,Powderhorn Park,6,2,Yale,02/21/2019,14:39
"3006 17th ave,Minneapolis,MN",44.948246000000005,-93.249962,9,Powderhorn,Powderhorn Park,6,2,Yale,02/21/2019,14:41
"1914 jackson st ne,Minneapolis,MN",45.008414,-93.249422,1,Northeast,Holland,2,2,Yale,02/21/2019,14:43
"318 19th ave ne,Minneapolis,MN",45.007582,-93.263657,3,Northeast,Bottineau,2,2,Yale,02/21/2019,14:45
"1711 TALMAGE AVE SE,Minneapolis,MN",44.989705,-93.228173,1,University,Como,4,2,Yale,02/21/2019,14:46
"2228 howard st ne,Minneapolis,MN",45.010815,-93.252789,1,Northeast,Holland,2,2,Yale,02/21/2019,14:47
"2008 Grand Ave S,Minneapolis,MN",44.962322,-93.284453,10,Powderhorn,Whittier,3,2,Yale,02/21/2019,14:47
"1042 14 th ave s,Minneapolis,MN",44.965144,-93.25543,6,Phillips,Ventura Village,3,2,Yale,02/21/2019,14:48
"1906 newton ave n,Minneapolis,MN",44.999128000000006,-93.305414,5,Near North,Willard - Hay,1,2,Yale,02/21/2019,14:49
"2322 Grand ave S,Minneapolis,MN",44.959339,-93.28456700000001,10,Powderhorn,Whittier,3,2,Yale,02/21/2019,14:50
"1428 7th st se,Minneapolis,MN",44.982828999999995,-93.232489,3,University,Marcy Holmes,4,2,Yale,02/21/2019,14:53
"304 22nd st,Minneapolis,MN",44.961076,-93.283298,10,Powderhorn,Whittier,3,2,Yale,02/21/2019,14:53
"3012 Colfax ave s,Minneapolis,MN",44.947819,-93.292182,10,Calhoun Isle,South Uptown,5,2,Yale,02/21/2019,14:53
"2312 25th ave s,Minneapolis,MN",44.959826,-93.236501,6,Longfellow,Seward,4,2,Yale,02/21/2019,14:54
"2004 22nd ave s,Minneapolis,MN",44.948305,-93.240329,9,Powderhorn,Corcoran,6,2,Yale,02/21/2019,14:55
"1204 7th ave se,Minneapolis,MN",44.988273,-93.242396,3,University,Marcy Holmes,4,2,Yale,02/21/2019,14:58
"800 23rd ave ne,Minneapolis,MN",45.010871,-93.250916,1,Northeast,Holland,2,2,Yale,02/21/2019,15:04
"2504 Garfield ave s ,Minneapolis,MN",44.95711,-93.28705,10,Powderhorn,Whittier,3,2,Yale,02/21/2019,15:05
"2404 Grand ave S,Minneapolis,MN",44.958859000000004,-93.284488,10,Powderhorn,Whittier,3,2,Yale,02/21/2019,15:06
"1802 talmage ave se,Minneapolis,MN",44.98964,-93.2269,1,University,Como,4,2,Yale,02/21/2019,15:07
"2516 Garfield ave s,Minneapolis,MN",44.956715,-93.287086,10,Powderhorn,Whittier,3,2,Yale,02/21/2019,15:09
"2948 Logan ave n ,Minneapolis,MN",45.011024,-93.302848,5,Near North,Jordan,1,2,Yale,02/21/2019,15:14
"4300 snelling ave,Minneapolis,MN",44.92512,-93.219433,12,Longfellow,Hiawatha,6,2,Yale,02/21/2019,15:18
"910 33rd st w,Minneapolis,MN",44.943321000000005,-93.260776,9,Powderhorn,Powderhorn Park,6,2,Yale,02/21/2019,15:20
"3228 Knox ave n ,Minneapolis,MN",45.014241999999996,-93.30163399999999,4,Camden,Folwell,1,2,Yale,02/21/2019,15:21
"324 buchanan st ne,Minneapolis,MN",44.992266,-93.240197,3,Northeast,Beltrami,2,2,Yale,02/21/2019,15:21
"1707 TALMAGE AVE SE,Minneapolis,MN",44.989742,-93.228196,1,University,Como,4,2,Yale,02/21/2019,15:23
"2648 taylor st ne,Minneapolis,MN",45.016593,-93.244102,1,Northeast,Audubon Park,2,2,Yale,02/21/2019,15:30
"1906 35th av n,Minneapolis,MN",45.01863,-93.303871,4,Camden,Folwell,1,2,Yale,02/21/2019,15:33
"2010 russel ave n,Minneapolis,MN",44.999918,-93.310464,5,Near North,Willard - Hay,1,2,Yale,02/21/2019,15:34
"3704 37th av s,Minneapolis,MN",44.935532,-93.219424,12,Longfellow,Howe,6,2,Yale,02/21/2019,15:40
"3104 37th st e,Minneapolis,MN",44.936101,-93.227707,12,Longfellow,Howe,6,2,Yale,02/21/2019,15:44
"2446 Garfield ave s,Minneapolis,MN",44.95771,-93.287086,10,Powderhorn,Whittier,3,2,Yale,02/21/2019,15:45
"2300 pillsbury ave ,Minneapolis,MN",44.959882,-93.281763,10,Powderhorn,Whittier,3,2,Yale,02/21/2019,15:50
"3550 colfax,Minneapolis,MN",44.937975,-93.29241800000001,10,Calhoun Isle,South Uptown,5,2,Yale,02/21/2019,15:50
"2012 aldrich ave s,Minneapolis,MN",44.96212,-93.289579,10,Calhoun Isle,Lowry Hill East,3,2,Yale,02/21/2019,15:52
"3128 14th ave,Minneapolis,MN",44.944818,-93.255023,9,Powderhorn,Powderhorn Park,6,2,Yale,02/21/2019,15:54
"916 37th st,Minneapolis,MN",44.936129,-93.261044,9,Powderhorn,Powderhorn Park,6,2,Yale,02/21/2019,15:57
"2528 DELAWARE ST SE,Minneapolis,MN",44.972084,-93.22122399999999,2,University,Prospect Park - East River Road,4,2,Yale,02/21/2019,15:59
"3216 45th Avenue South,Minneapolis,MN",44.944794,-93.208735,2,Longfellow,Cooper,6,2,Yale,02/21/2019,16:01
"2210bryant ave s,Minneapolis,MN",44.960324,-93.290929,10,Calhoun Isle,Lowry Hill East,3,2,Yale,02/21/2019,16:03
"3008 45th Avenue South,Minneapolis,MN",44.947919,-93.2091,2,Longfellow,Cooper,6,2,Yale,02/21/2019,16:06
"1210 26th ave ne,Minneapolis,MN",45.014833,-93.241702,1,Northeast,Audubon Park,2,2,Yale,02/21/2019,16:09
"180 30th ave ne,Minneapolis,MN",45.022284,-93.268433,1,Northeast,Marshall Terrace,2,2,Yale,02/21/2019,16:11
"216 22ND ST W,Minneapolis,MN",44.961153,-93.28231,10,Powderhorn,Whittier,3,2,Yale,02/21/2019,16:12
"216 22ND ST W,Minneapolis,MN",44.961153,-93.28231,10,Powderhorn,Whittier,3,2,Yale,02/21/2019,16:16
"2738 girard ave s,Minneapolis,MN",44.95248,-93.297228,10,Calhoun Isle,Lowry Hill East,3,2,Yale,02/21/2019,16:16
"120 34th st w,Minneapolis,MN",44.941479,-93.28070699999999,8,Powderhorn,Lyndale,5,2,Yale,02/21/2019,16:30
"826 summit ave s,Minneapolis,MN",44.965671,-93.289992,7,Calhoun Isle,Lowry Hill,3,2,Yale,02/21/2019,16:47
"3012 Aldrich ave s ,Minneapolis,MN",44.947817,-93.289705,10,Calhoun Isle,South Uptown,5,2,Yale,02/21/2019,16:50
"1820 colfax ave s,Minneapolis,MN",44.964596,-93.292152,7,Calhoun Isle,Lowry Hill,3,2,Yale,02/21/2019,16:55
"3104 FREMONT AVE S,Minneapolis,MN",44.946318,-93.296049,10,Calhoun Isle,South Uptown,5,2,Yale,02/21/2019,16:02
"3212 45th Avenue South,Minneapolis,MN",44.944865,-93.208736,2,Longfellow,Cooper,6,2,Yale,02/21/2019,17:48
"3028 37th Street East,Minneapolis,MN",44.935938,-93.229001,12,Longfellow,Howe,6,2,Yale,02/21/2019,17:54
"4544 COLFAX AVE S ,Minneapolis,MN",44.919969,-93.292457,13,Southwest,East Harriet,5,2,Yale,02/21/2019,15:53
"2511 3rd st n ,Minneapolis,MN",44.994181,-93.281878,5,Near North,Near - North,1,3,Yale,02/22/2019,08:16
"2807 3rd st n ,Minneapolis,MN",44.994181,-93.281878,5,Near North,Near - North,1,3,Yale,02/22/2019,08:18
"615 4th ave se,Minneapolis,MN",44.988606,-93.24821999999999,3,University,Marcy Holmes,4,3,Yale,02/22/2019,08:29
"3001 N 3rd St. ,Minneapolis,MN",45.010899,-93.283751,5,Near North,Hawthorne,1,3,Yale,02/22/2019,08:32
"403 5th ave se,Minneapolis,MN",44.985675,-93.248544,3,University,Marcy Holmes,4,3,Yale,02/22/2019,08:33
"19 SE 4th Ave,Minneapolis,MN",44.988174,-93.25429,3,University,Nicollet Island - East Bank,4,3,Yale,02/22/2019,08:35
"321 4th ave se,Minneapolis,MN",44.985849,-93.250374,3,University,Marcy Holmes,4,3,Yale,02/22/2019,08:35
"331 3th Ave se,Minneapolis,MN",44.986419,-93.25174100000001,3,University,Marcy Holmes,4,3,Yale,02/22/2019,08:39
"2725 40th Street East,Minneapolis,MN",44.930506,-93.233082,12,Powderhorn,Standish,6,3,Yale,02/22/2019,08:40
"1327 spruce pl,Minneapolis,MN",44.96983,-93.280834,7,Central,Loring Park,3,3,Yale,02/22/2019,08:41
"3003 James ave s,Minneapolis,MN",44.948227,-93.303053,10,Calhoun Isle,ECCO,5,3,Yale,02/22/2019,08:42
"213 3rd ave ne,Minneapolis,MN",44.990921,-93.259353,3,Northeast,St. Anthony West,2,3,Yale,02/22/2019,08:45
"1519 SPRUCE PL,Minneapolis,MN",44.967009999999995,-93.280401,7,Central,Loring Park,3,3,Yale,02/22/2019,08:47
"2933 6th st n,Minneapolis,MN",45.010593,-93.286798,5,Near North,Hawthorne,1,3,Yale,02/22/2019,08:48
"905 Lyndale place n,Minneapolis,MN",44.98747,-93.289649,5,Near North,Sumner - Glenwood,1,3,Yale,02/22/2019,08:49
"225 14TH ST W,Minneapolis,MN",44.968645,-93.281377,7,Central,Loring Park,3,3,Yale,02/22/2019,08:49
"221 3rd Ave ne,Minneapolis,MN",44.991021,-93.259298,3,Northeast,St. Anthony West,2,3,Yale,02/22/2019,08:55
"2431 6th st n ,Minneapolis,MN",45.004684999999995,-93.28679100000001,5,Near North,Hawthorne,1,3,Yale,02/22/2019,08:56
"3721 6th st n ,Minneapolis,MN",45.022812,-93.286857,4,Camden,McKinley,1,3,Yale,02/22/2019,09:00
"3725 6th st n ,Minneapolis,MN",45.022921999999994,-93.28683000000001,4,Camden,McKinley,1,3,Yale,02/22/2019,09:04
"407 7th ave se,Minneapolis,MN",44.984794,-93.245478,3,University,Marcy Holmes,4,3,Yale,02/22/2019,09:06
"705 Lyndale Pl,Minneapolis,MN",44.985821,-93.289231,5,Near North,Sumner - Glenwood,1,3,Yale,02/22/2019,09:08
"233 oak grove,Minneapolis,MN",44.966471000000006,-93.282455,7,Central,Loring Park,3,3,Yale,02/22/2019,09:08
"415 6th vebse,Minneapolis,MN",44.988014,-93.247462,3,University,Marcy Holmes,4,3,Yale,02/22/2019,09:11
"823 lyndale pl,Minneapolis,MN",44.987176,-93.289645,5,Near North,Sumner - Glenwood,1,3,Yale,02/22/2019,09:15
"3125 Holmes ave s,Minneapolis,MN",44.945712,-93.299184,10,Calhoun Isle,ECCO,5,3,Yale,02/22/2019,09:15
"317 6th street se,Minneapolis,MN",44.988753,-93.249123,3,University,Marcy Holmes,4,3,Yale,02/22/2019,09:18
"3531 15th ave,Minneapolis,MN",44.938396999999995,-93.25343199999999,9,Powderhorn,Powderhorn Park,6,3,Yale,02/22/2019,09:18
"207 7th ave se,Minneapolis,MN",44.982547,-93.24720500000001,3,University,Marcy Holmes,4,3,Yale,02/22/2019,09:19
"515 lyndale pl,Minneapolis,MN",44.983456,-93.28891800000001,5,Near North,Sumner - Glenwood,3,3,Yale,02/22/2019,09:20
"4011 14th ave,Minneapolis,MN",44.930104,-93.25453,8,Powderhorn,Bancroft,6,3,Yale,02/22/2019,09:21
"207 8th ave se,Minneapolis,MN",44.982228000000006,-93.245721,3,University,Marcy Holmes,4,3,Yale,02/22/2019,09:22
"307 6th st se ,Minneapolis,MN",44.988819,-93.249288,3,University,Marcy Holmes,4,3,Yale,02/22/2019,09:22
"307 7th ave se,Minneapolis,MN",44.983668,-93.246493,3,University,Marcy Holmes,4,3,Yale,02/22/2019,09:23
"1089 26th ave se,Minneapolis,MN",44.990778000000006,-93.216697,1,University,Como,4,3,Yale,02/22/2019,09:28
"3113 Holmes Ave,Minneapolis,MN",44.946094,-93.29943100000001,10,Calhoun Isle,ECCO,5,3,Yale,02/22/2019,09:33
"2013 Stevens Ave,Minneapolis,MN",44.962174,-93.274989,10,Powderhorn,Whittier,3,3,Yale,02/22/2019,09:33
"3847 6th st n,Minneapolis,MN",45.025292,-93.286865,4,Camden,Webber - Camden,1,3,Yale,02/22/2019,09:34
"1115 39th st e,Minneapolis,MN",44.932097999999996,-93.258524,8,Powderhorn,Bancroft,6,3,Yale,02/22/2019,09:35
"1811 Bryant Ave N,Minneapolis,MN",44.997861,-93.291422,5,Near North,Near - North,1,3,Yale,02/22/2019,09:35
"3541 12th av s,Minneapolis,MN",44.938066,-93.257171,9,Powderhorn,Powderhorn Park,6,3,Yale,02/22/2019,09:36
"303 6th ave ne,Minneapolis,MN",44.986043,-93.277054,3,Central,North Loop,1,3,Yale,02/22/2019,09:36
"3927 6th st n,Minneapolis,MN",45.026533,-93.28685,4,Camden,Webber - Camden,1,3,Yale,02/22/2019,09:37
"3253 girard ave s,Minneapolis,MN",44.943096000000004,-93.296782,10,Calhoun Isle,South Uptown,5,3,Yale,02/22/2019,09:38
"3743 6th st n ,Minneapolis,MN",45.02336,-93.28680200000001,4,Camden,McKinley,1,3,Yale,02/22/2019,09:39
"815 39th st e,Minneapolis,MN",44.932083,-93.290243,10,Southwest,East Harriet,5,3,Yale,02/22/2019,09:40
"3127 James Ave S,Minneapolis,MN",44.94562,-93.303075,10,Calhoun Isle,ECCO,5,3,Yale,02/22/2019,09:41
"3251 Aldrich ave n ,Minneapolis,MN",45.014772,-93.28953,4,Camden,McKinley,1,3,Yale,02/22/2019,09:42
"3725 15th Ave S,Minneapolis,MN",44.934973,-93.253393,9,Powderhorn,Powderhorn Park,6,3,Yale,02/22/2019,09:44
"3429 girard ave s ,Minneapolis,MN",44.940363,-93.296782,10,Calhoun Isle,South Uptown,5,3,Yale,02/22/2019,09:48
"3439 15TH Ave S,Minneapolis,MN",44.939929,-93.253393,9,Powderhorn,Powderhorn Park,6,3,Yale,02/22/2019,09:49
"3041 humboldt ave s ,Minneapolis,MN",44.946923999999996,-93.300478,10,Calhoun Isle,ECCO,5,3,Yale,02/22/2019,09:50
"1511 SPRUCE PL,Minneapolis,MN",44.967304999999996,-93.2804,7,Central,Loring Park,3,3,Yale,02/22/2019,09:51
"2011 stevens,Minneapolis,MN",44.961327000000004,-93.275286,10,Powderhorn,Whittier,3,3,Yale,02/22/2019,09:52
"619 Adams st ne,Minneapolis,MN",44.995682,-93.256028,3,Northeast,St. Anthony East,2,3,Yale,02/22/2019,09:52
"1419 dupont,Minneapolis,MN",44.99375,-93.29296,5,Near North,Near - North,1,3,Yale,02/22/2019,09:53
"1515 SPRUCE PL,Minneapolis,MN",44.967169,-93.280401,7,Central,Loring Park,3,3,Yale,02/22/2019,09:54
"1403 34th ave ne,Minneapolis,MN",45.029464000000004,-93.239648,1,Northeast,Waite Park,2,3,Yale,02/22/2019,09:57
"225 8th ave se,Minneapolis,MN",44.982661,-93.245374,3,University,Marcy Holmes,4,3,Yale,02/22/2019,09:57
"209 ith ave se,Minneapolis,MN",44.99106,-93.248304,3,University,Marcy Holmes,2,3,Yale,02/22/2019,09:58
"1925 5th st ne,Minneapolis,MN",45.008315,-93.259785,1,Northeast,Holland,2,3,Yale,02/22/2019,09:58
"4301 Elliot Avenue South,Minneapolis,MN",44.92499,-93.260936,11,Nokomis,Northrop,6,3,Yale,02/22/2019,10:00
"229 8th ave se,Minneapolis,MN",44.982675,-93.245363,3,University,Marcy Holmes,4,3,Yale,02/22/2019,10:03
"1833 Girard Ave N,Minneapolis,MN",44.998311,-93.297569,5,Near North,Near - North,1,3,Yale,02/22/2019,10:05
"903 main st ,Minneapolis,MN",44.997045,-93.265316,3,Northeast,St. Anthony West,2,3,Yale,02/22/2019,10:05
"723Jefferson St NE,Minneapolis,MN",44.997578999999995,-93.254704,3,Northeast,St. Anthony East,2,3,Yale,02/22/2019,10:06
"315 7th ave se,Minneapolis,MN",44.984017,-93.246212,3,University,Marcy Holmes,4,3,Yale,02/22/2019,10:07
"2013 Stevens Ave South,Minneapolis,MN",44.962174,-93.274989,10,Powderhorn,Whittier,3,3,Yale,02/22/2019,10:10
"2725 BRYANT AVE N,Minneapolis,MN",45.008582000000004,-93.29079499999999,5,Near North,Hawthorne,1,3,Yale,02/22/2019,10:11
"341 quincy st ne,Minneapolis,MN",44.994955,-93.250815,3,Northeast,St. Anthony East,2,3,Yale,02/22/2019,10:17
"2935 aldrich ave n,Minneapolis,MN",45.010549,-93.289598,5,Near North,Hawthorne,1,3,Yale,02/22/2019,10:18
"1097 24th ave se,Minneapolis,MN",44.990961999999996,-93.219241,1,University,Como,4,3,Yale,02/22/2019,10:19
"331 quincy st ne,Minneapolis,MN",44.994772,-93.250839,3,Northeast,St. Anthony East,2,3,Yale,02/22/2019,10:19
"703 11th ave se,Minneapolis,MN",44.985361,-93.237932,3,University,Marcy Holmes,4,3,Yale,02/22/2019,10:21
"3223 Fremont ave s,Minneapolis,MN",44.943946999999994,-93.29549,10,Calhoun Isle,South Uptown,5,3,Yale,02/22/2019,10:22
"321 8th ave se,Minneapolis,MN",44.983556,-93.244672,3,University,Marcy Holmes,4,3,Yale,02/22/2019,10:22
"3347 Bryant Ave n,Minneapolis,MN",45.016458,-93.29087,4,Camden,McKinley,1,3,Yale,02/22/2019,10:22
"721 9th avenue SE,Minneapolis,MN",44.986893,-93.240078,3,University,Marcy Holmes,4,3,Yale,02/22/2019,10:23
"2125 Bryant ave n ,Minneapolis,MN",45.001143,-93.291381,5,Near North,Hawthorne,1,3,Yale,02/22/2019,10:24
"3309 Bryant Ave n,Minneapolis,MN",45.015288,-93.290832,4,Camden,McKinley,1,3,Yale,02/22/2019,10:26
"527 11th ave se,Minneapolis,MN",44.983409,-93.238939,3,University,Marcy Holmes,4,3,Yale,02/22/2019,10:27
"1829 Stevens Ave,Minneapolis,MN",44.964411,-93.27529,6,Central,Steven's Square - Loring Heights,3,3,Yale,02/22/2019,10:28
"1919 stevens ave s,Minneapolis,MN",44.963392999999996,-93.27502700000001,6,Central,Steven's Square - Loring Heights,3,3,Yale,02/22/2019,10:29
"3431 Emerson ave s,Minneapolis,MN",44.940298999999996,-93.294258,10,Calhoun Isle,South Uptown,5,3,Yale,02/22/2019,10:33
"339 oak grove,Minneapolis,MN",44.967301,-93.284481,7,Central,Loring Park,3,3,Yale,02/22/2019,10:36
"1337 Irving Ave N,Minneapolis,MN",44.992719,-93.299675,5,Near North,Near - North,1,3,Yale,02/22/2019,10:37
"131 17th st e,Minneapolis,MN",44.966084,-93.274906,6,Central,Steven's Square - Loring Heights,3,3,Yale,02/22/2019,10:38
"325 quincy st ne,Minneapolis,MN",44.994626000000004,-93.250856,3,Northeast,St. Anthony East,2,3,Yale,02/22/2019,10:39
"611 jackson st ne,Minneapolis,MN",44.995463,-93.24960899999999,3,Northeast,St. Anthony East,2,3,Yale,02/22/2019,10:42
"715 8th ave se,Minneapolis,MN",44.987414,-93.241635,3,University,Marcy Holmes,4,3,Yale,02/22/2019,10:42
"801 6th st se,Minneapolis,MN",44.985909,-93.242103,3,University,Marcy Holmes,4,3,Yale,02/22/2019,10:42
"3649 Snelling Avenue South,Minneapolis,MN",44.936440999999995,-93.226965,12,Longfellow,Howe,6,3,Yale,02/22/2019,10:43
"2903 COLFAX AVE N,Minneapolis,MN",45.009747999999995,-93.292082,5,Near North,Hawthorne,1,3,Yale,02/22/2019,10:44
"1313 irving ave n,Minneapolis,MN",44.992098,-93.299683,5,Near North,Near - North,1,3,Yale,02/22/2019,10:46
"609 jackson st ,Minneapolis,MN",44.995408000000005,-93.249593,3,Northeast,St. Anthony East,2,3,Yale,02/22/2019,10:47
"821 6th st se,Minneapolis,MN",44.985632,-93.241472,3,University,Marcy Holmes,4,3,Yale,02/22/2019,10:48
"3543 10th av s,Minneapolis,MN",44.938109000000004,-93.259718,9,Powderhorn,Powderhorn Park,6,3,Yale,02/22/2019,10:49
"1523 SPRUCE PL,Minneapolis,MN",44.966423,-93.28083000000001,7,Central,Loring Park,3,3,Yale,02/22/2019,10:49
"715 van buren st ne,Minneapolis,MN",44.997394,-93.248408,3,Northeast,St. Anthony East,2,3,Yale,02/22/2019,10:49
"2955 Colfax ave n ,Minneapolis,MN",45.011098,-93.29207199999999,5,Near North,Hawthorne,1,3,Yale,02/22/2019,10:50
"3149 15th Avenue South,Minneapolis,MN",44.945109,-93.253501,9,Powderhorn,Powderhorn Park,6,3,Yale,02/22/2019,10:50
"1525 SPRUCE PL,Minneapolis,MN",44.966423,-93.28083000000001,7,Central,Loring Park,3,3,Yale,02/22/2019,10:52
"3057 15th Avenue South,Minneapolis,MN",44.946698,-93.253452,9,Powderhorn,Powderhorn Park,6,3,Yale,02/22/2019,10:53
"2817 Colfax ave n ,Minneapolis,MN",45.00911,-93.292073,5,Near North,Hawthorne,1,3,Yale,02/22/2019,10:54
"613 Van Buren St Ne,Minneapolis,MN",44.995499,-93.248351,3,Northeast,St. Anthony East,2,3,Yale,02/22/2019,10:55
"3159 15th av s,Minneapolis,MN",44.94488,-93.253511,9,Powderhorn,Powderhorn Park,6,3,Yale,02/22/2019,10:55
"809 12th ave se,Minneapolis,MN",44.985859999999995,-93.235146,3,University,Marcy Holmes,4,3,Yale,02/22/2019,10:55
"721 9th avenue Southeast,Minneapolis,MN",44.986893,-93.240078,3,University,Marcy Holmes,4,3,Yale,02/22/2019,10:58
"1529 spruce Place,Minneapolis,MN",44.966423,-93.28083000000001,7,Central,Loring Park,3,3,Yale,02/22/2019,10:59
"1321 Irving Ave N,Minneapolis,MN",44.992245000000004,-93.29966,5,Near North,Near - North,1,3,Yale,02/22/2019,10:59
"707 11th ave se,Minneapolis,MN",44.985547,-93.237786,3,University,Marcy Holmes,4,3,Yale,02/22/2019,11:01
"1901 Stevens Ave,Minneapolis,MN",44.963815000000004,-93.274934,6,Central,Steven's Square - Loring Heights,3,3,Yale,02/22/2019,11:01
"869 19th ave se,Minneapolis,MN",44.985489,-93.22588,2,University,Como,4,3,Yale,02/22/2019,11:03
"1311 32nd st w,Minneapolis,MN",44.944734000000004,-93.295929,10,Calhoun Isle,South Uptown,5,3,Yale,02/22/2019,11:03
"609 NE Jackson St ,Minneapolis,MN",44.995408000000005,-93.249593,3,Northeast,St. Anthony East,2,3,Yale,02/22/2019,11:04
"3105 Holmes ave ,Minneapolis,MN",44.946360999999996,-93.299262,10,Calhoun Isle,ECCO,5,3,Yale,02/22/2019,11:04
"1017 34th Street W.,Minneapolis,MN",44.941313,-93.292204,10,Calhoun Isle,South Uptown,5,3,Yale,02/22/2019,11:06
"3441 DuPont ave s,Minneapolis,MN",44.94,-93.292929,10,Calhoun Isle,South Uptown,5,3,Yale,02/22/2019,11:07
"611 Van Buren st ne,Minneapolis,MN",44.995435,-93.248341,3,Northeast,St. Anthony East,2,3,Yale,02/22/2019,11:07
"831 23rd ave se,Minneapolis,MN",44.984584999999996,-93.220616,2,University,Como,4,3,Yale,02/22/2019,11:08
"609 Van buren st ne,Minneapolis,MN",44.995371,-93.24834,3,Northeast,St. Anthony East,2,3,Yale,02/22/2019,11:08
"2919 Bryant ave n.,Minneapolis,MN",45.010131,-93.290834,5,Near North,Hawthorne,1,3,Yale,02/22/2019,11:10
"3129 29th ave,Minneapolis,MN",44.945918,-93.229749,2,Longfellow,Longfellow,6,3,Yale,02/22/2019,11:11
"111 14th Street West,Minneapolis,MN",44.968789,-93.27939,7,Central,Loring Park,3,3,Yale,02/22/2019,11:11
"2617 dupont Ave n,Minneapolis,MN",45.006526,-93.293409,5,Near North,Hawthorne,1,3,Yale,02/22/2019,11:12
"1715 adams st ne,Minneapolis,MN",45.005711,-93.255984,1,Northeast,Logan Park,2,3,Yale,02/22/2019,11:13
"3137 29th ave,Minneapolis,MN",44.945674,-93.229681,2,Longfellow,Longfellow,6,3,Yale,02/22/2019,11:13
"4147 32nd ave so,Minneapolis,MN",44.927318,-93.225369,12,Powderhorn,Standish,6,3,Yale,02/22/2019,11:13
"1511 Adams st ne,Minneapolis,MN",45.00345,-93.256003,1,Northeast,Logan Park,2,3,Yale,02/22/2019,11:14
"2615 dupont Ave n,Minneapolis,MN",45.006438,-93.293409,5,Near North,Hawthorne,1,3,Yale,02/22/2019,11:15
"3515 Humboldt Ave S,Minneapolis,MN",44.939051,-93.300596,10,Calhoun Isle,ECCO,5,3,Yale,02/22/2019,11:16
"1317 james ave n,Minneapolis,MN",44.992172,-93.300916,5,Near North,Near - North,1,3,Yale,02/22/2019,11:17
"1037 23rd ave se,Minneapolis,MN",44.989084000000005,-93.22054,1,University,Como,4,3,Yale,02/22/2019,11:23
"2319 DUPONT AVE N ,Minneapolis,MN",45.003305,-93.292914,5,Near North,Hawthorne,1,3,Yale,02/22/2019,11:24
"225 11th Ave ne,Minneapolis,MN",44.998659,-93.267524,3,Northeast,St. Anthony West,2,3,Yale,02/22/2019,11:24
"3443 Fremont ave s,Minneapolis,MN",44.939943,-93.29558,10,Calhoun Isle,South Uptown,5,3,Yale,02/22/2019,11:24
"125 11th ave ne,Minneapolis,MN",44.99838,-93.26834000000001,3,Northeast,St. Anthony West,2,3,Yale,02/22/2019,11:25
"1239 Logan Ave N,Minneapolis,MN",44.990877000000005,-93.303472,5,Near North,Near - North,1,3,Yale,02/22/2019,11:26
"349 14th ave ne,Minneapolis,MN",45.002162,-93.26226700000001,3,Northeast,Sheridan,2,3,Yale,02/22/2019,11:28
"1713 2nd ave s,Minneapolis,MN",44.96575,-93.273768,6,Central,Steven's Square - Loring Heights,3,3,Yale,02/22/2019,11:30
"607 van buren st ne,Minneapolis,MN",44.995307000000004,-93.248339,3,Northeast,St. Anthony East,2,3,Yale,02/22/2019,11:30
"3033 colfax ave s,Minneapolis,MN",44.947214,-93.291671,10,Calhoun Isle,South Uptown,5,3,Yale,02/22/2019,11:31
"707 13th ave se,Minneapolis,MN",44.984343,-93.234951,3,University,Marcy Holmes,4,3,Yale,02/22/2019,11:31
"329 Ridgewood Ave South,Minneapolis,MN",44.963513,-93.28347,7,Central,Steven's Square - Loring Heights,3,3,Yale,02/22/2019,11:32
"333 oak grove,Minneapolis,MN",44.966974,-93.284061,7,Central,Loring Park,3,3,Yale,02/22/2019,11:33
"1707 stevens ave s,Minneapolis,MN",44.966029,-93.274941,6,Central,Steven's Square - Loring Heights,3,3,Yale,02/22/2019,11:36
"703 13th ave se,Minneapolis,MN",44.984190999999996,-93.235067,3,University,Marcy Holmes,4,3,Yale,02/22/2019,11:36
"419 11th ave se,Minneapolis,MN",44.982856,-93.23968599999999,3,University,Marcy Holmes,4,3,Yale,02/22/2019,11:37
"1111 14th avenue Southeast,Minneapolis,MN",44.991169,-93.232375,2,University,Como,4,3,Yale,02/22/2019,11:37
"103 19TH ST E,Minneapolis,MN",44.963955,-93.276437,6,Central,Steven's Square - Loring Heights,3,3,Yale,02/22/2019,11:39
"3545 colfax ave s,Minneapolis,MN",44.938103999999996,-93.29171,10,Calhoun Isle,South Uptown,5,3,Yale,02/22/2019,11:40
"337 OAK GROVE ST,Minneapolis,MN",44.967074,-93.284545,7,Central,Loring Park,3,3,Yale,02/22/2019,11:43
"813 13th ave se,Minneapolis,MN",44.985377,-93.233952,3,University,Marcy Holmes,4,3,Yale,02/22/2019,11:46
"1513 brook ave se,Minneapolis,MN",44.986863,-93.229712,2,University,Como,4,3,Yale,02/22/2019,11:47
"1407 6th st se,Minneapolis,MN",44.982394,-93.23340999999999,3,University,Marcy Holmes,4,3,Yale,02/22/2019,11:49
"4305 Girard ave n ,Minneapolis,MN",45.033569,-93.29734599999999,4,Camden,Webber - Camden,1,3,Yale,02/22/2019,11:50
"1311 Logan Ave N,Minneapolis,MN",44.991979,-93.303202,5,Near North,Willard - Hay,1,3,Yale,02/22/2019,11:50
"3107 dupont Ave n ,Minneapolis,MN",45.012483,-93.293377,5,Near North,Hawthorne,1,3,Yale,02/22/2019,11:51
"4351 Humboldt ave n ,Minneapolis,MN",45.034806,-93.298637,4,Camden,Webber - Camden,1,3,Yale,02/22/2019,11:54
"2629 dupont Ave n,Minneapolis,MN",45.0069,-93.29341099999999,5,Near North,Hawthorne,1,3,Yale,02/22/2019,11:54
"127 18th st E,Minneapolis,MN",44.965214,-93.275257,6,Central,Steven's Square - Loring Heights,3,3,Yale,02/22/2019,11:54
"719 11th ave se,Minneapolis,MN",44.985777,-93.237604,3,University,Marcy Holmes,4,3,Yale,02/22/2019,11:56
"635 17th ave ne,Minneapolis,MN",45.00564,-93.256501,1,Northeast,Logan Park,2,3,Yale,02/22/2019,11:57
"2609 2nd Ave South,Minneapolis,MN",44.955037,-93.27373100000001,10,Powderhorn,Whittier,3,3,Yale,02/22/2019,11:58
"3019 queen ave n ,Minneapolis,MN",45.012009,-93.30980699999999,4,Near North,Jordan,1,3,Yale,02/22/2019,12:00
"631 17th ave ne,Minneapolis,MN",45.005639,-93.256782,1,Northeast,Logan Park,2,3,Yale,02/22/2019,12:00
"1239 sheridan ave n,Minneapolis,MN",44.991276,-93.31236899999999,5,Near North,Willard - Hay,1,3,Yale,02/22/2019,12:01
"1725 3rd st ne,Minneapolis,MN",45.005562,-93.264386,3,Northeast,Bottineau,2,3,Yale,02/22/2019,12:02
"105 14TH ST W,Minneapolis,MN",44.968915,-93.276786,7,Central,Loring Park,3,3,Yale,02/22/2019,12:02
"3937 DUPONT AVE N ,Minneapolis,MN",45.026844,-93.29342700000001,4,Camden,Webber - Camden,1,3,Yale,02/22/2019,12:03
"1609 3rd st ne,Minneapolis,MN",45.004626,-93.26432,3,Northeast,Sheridan,2,3,Yale,02/22/2019,12:03
"305 OAK GROVE ST,Minneapolis,MN",44.966858,-93.282975,7,Central,Loring Park,3,3,Yale,02/22/2019,12:05
"4151 32nd ave so,Minneapolis,MN",44.927221,-93.22539499999999,12,Powderhorn,Standish,6,3,Yale,02/22/2019,12:07
"203 19th st,Minneapolis,MN",44.963684,-93.273775,6,Central,Steven's Square - Loring Heights,3,3,Yale,02/22/2019,12:08
"3605 colfax ave s,Minneapolis,MN",44.937459999999994,-93.291739,10,Southwest,East Harriet,5,3,Yale,02/22/2019,12:08
"955 17th ave se,Minneapolis,MN",44.986375,-93.228971,2,University,Como,4,3,Yale,02/22/2019,12:10
"517 20th ave ne,Minneapolis,MN",45.008724,-93.259727,1,Northeast,Holland,2,3,Yale,02/22/2019,12:12
"1407 Knox Ave N,Minneapolis,MN",44.993367,-93.30216999999999,5,Near North,Willard - Hay,1,3,Yale,02/22/2019,12:13
"853 18 ave se,Minneapolis,MN",44.985227,-93.227418,2,University,Como,4,3,Yale,02/22/2019,12:14
"1513 brook Avenue se,Minneapolis,MN",44.986863,-93.229712,2,University,Como,4,3,Yale,02/22/2019,12:17
"221 19TH ST E,Minneapolis,MN",44.963684,-93.2735,6,Central,Steven's Square - Loring Heights,3,3,Yale,02/22/2019,12:17
"2527 Harriet Ave South,Minneapolis,MN",44.956271,-93.285252,10,Powderhorn,Whittier,3,3,Yale,02/22/2019,12:21
"3113 14th ave,Minneapolis,MN",44.94614,-93.25470899999999,9,Powderhorn,Powderhorn Park,6,3,Yale,02/22/2019,12:24
"2407 5th st ne,Minneapolis,MN",45.012598,-93.260046,1,Northeast,Holland,2,3,Yale,02/22/2019,12:24
"307 Knox av n,Minneapolis,MN",44.981173,-93.302173,5,Near North,Harrison,3,3,Yale,02/22/2019,12:24
"3221 37th st e,Minneapolis,MN",44.93571,-93.226264,12,Longfellow,Howe,6,3,Yale,02/22/2019,12:25
"2717 East 59th Street,Minneapolis,MN",44.895874,-93.233467,11,Nokomis,Wenonah,6,3,Yale,02/22/2019,12:25
"335 oak st,Minneapolis,MN",44.972843,-93.227117,2,University,University of Minnesota,4,3,Yale,02/22/2019,12:25
"5625 BoSSen terr,Minneapolis,MN",44.900453000000006,-93.224104,11,Nokomis,Wenonah,6,3,Yale,02/22/2019,12:26
"3119 longfellow,Minneapolis,MN",44.945827,-93.245827,9,Powderhorn,Corcoran,6,3,Yale,02/22/2019,12:26
"2715 E 59th St,Minneapolis,MN",44.895872999999995,-93.233492,11,Nokomis,Wenonah,6,3,Yale,02/22/2019,12:28
"109 18th st e,Minneapolis,MN",44.965089,-93.27598,6,Central,Steven's Square - Loring Heights,3,3,Yale,02/22/2019,12:29
"1525 34th st e,Minneapolis,MN",44.941139,-93.30180899999999,10,Calhoun Isle,ECCO,5,3,Yale,02/22/2019,12:29
"27 oak grove st,Minneapolis,MN",44.966374,-93.278834,7,Central,Loring Park,3,3,Yale,02/22/2019,12:30
"1717 thomas ave n,Minneapolis,MN",44.997603000000005,-93.31359499999999,5,Near North,Willard - Hay,1,3,Yale,02/22/2019,12:32
"805 23rd ave ne,Minneapolis,MN",45.010871,-93.25081999999999,1,Northeast,Holland,2,3,Yale,02/22/2019,12:34
"621 Queen St n,Minneapolis,MN",44.985013,-93.309935,5,Near North,Willard - Hay,1,3,Yale,02/22/2019,12:35
"1093 22nd ave se,Minneapolis,MN",44.990775,-93.22182,1,University,Como,4,3,Yale,02/22/2019,12:38
"2429 illion Ave n,Minneapolis,MN",45.004174,-93.300613,5,Near North,Jordan,1,3,Yale,02/22/2019,12:39
"3009 Garfield Ave S,Minneapolis,MN",44.947943,-93.2866,8,Powderhorn,Lyndale,5,3,Yale,02/22/2019,12:44
"2431 illon Ave n,Minneapolis,MN",45.004216,-93.300566,5,Near North,Jordan,1,3,Yale,02/22/2019,12:45
"2419 5th st ne,Minneapolis,MN",45.012816,-93.260071,1,Northeast,Holland,2,3,Yale,02/22/2019,12:45
"303 Knox ave n,Minneapolis,MN",44.98097,-93.302171,5,Near North,Harrison,3,3,Yale,02/22/2019,12:46
"3741 Aldrich ave s ,Minneapolis,MN",44.934604,-93.289233,10,Southwest,East Harriet,5,3,Yale,02/22/2019,12:46
"2515 california st ne,Minneapolis,MN",45.013666,-93.268659,1,Northeast,Marshall Terrace,2,3,Yale,02/22/2019,12:47
"1419 Newton Ave N,Minneapolis,MN",44.993666999999995,-93.305987,5,Near North,Willard - Hay,1,3,Yale,02/22/2019,12:48
"1069 24th ave se,Minneapolis,MN",44.990196999999995,-93.219234,1,University,Como,4,3,Yale,02/22/2019,12:51
"807 23rd ave ne,Minneapolis,MN",45.010871,-93.250785,1,Northeast,Holland,2,3,Yale,02/22/2019,12:52
"897 20th ave se,Minneapolis,MN",44.986584,-93.224522,2,University,Como,4,3,Yale,02/22/2019,12:53
"2311 madison st ne,Minneapolis,MN",45.011516,-93.25395300000001,1,Northeast,Holland,2,3,Yale,02/22/2019,12:53
"2517 Garfield Avenue South,Minneapolis,MN",44.956653,-93.286485,10,Powderhorn,Whittier,3,3,Yale,02/22/2019,12:54
"709 13thave se,Minneapolis,MN",44.984419,-93.234893,3,University,Marcy Holmes,4,3,Yale,02/22/2019,12:54
"2111 Upton ave n ,Minneapolis,MN",45.000994,-93.31485699999999,5,Near North,Willard - Hay,1,3,Yale,02/22/2019,12:54
"811 23rd ave ne,Minneapolis,MN",45.011065,-93.250327,1,Northeast,Holland,2,3,Yale,02/22/2019,12:55
"327 7th st se,Minneapolis,MN",44.990003,-93.24879399999999,3,University,Marcy Holmes,4,3,Yale,02/22/2019,12:59
"2219 pleasant ,Minneapolis,MN",44.960299,-93.28256400000001,10,Powderhorn,Whittier,3,3,Yale,02/22/2019,13:02
"1051 15th avenue Southeast,Minneapolis,MN",44.989281,-93.231039,1,University,Como,4,3,Yale,02/22/2019,13:09
"415 RIDGEWOOD AVE S,Minneapolis,MN",44.963352,-93.284749,7,Central,Steven's Square - Loring Heights,3,3,Yale,02/22/2019,13:09
"1327 Oliver Ave N,Minneapolis,MN",44.99245,-93.307097,5,Near North,Willard - Hay,1,3,Yale,02/22/2019,13:10
"2207 PILLSBURY AVE S,Minneapolis,MN",44.960577,-93.280822,10,Powderhorn,Whittier,3,3,Yale,02/22/2019,13:12
"855 22nd ave se,Minneapolis,MN",44.985274,-93.221874,2,University,Como,4,3,Yale,02/22/2019,13:12
"2417 pleasant ave ,Minneapolis,MN",44.958315,-93.282514,10,Powderhorn,Whittier,3,3,Yale,02/22/2019,13:14
"3907 EMERSON AVE N,Minneapolis,MN",45.02609,-93.29469399999999,4,Camden,Webber - Camden,1,3,Yale,02/22/2019,13:16
"2221 Garfield Avenue South,Minneapolis,MN",44.960128000000005,-93.286443,10,Powderhorn,Whittier,3,3,Yale,02/22/2019,13:16
"3031 Aldrich ave s,Minneapolis,MN",44.94728,-93.28915,10,Calhoun Isle,South Uptown,5,3,Yale,02/22/2019,13:19
"321 queen av n,Minneapolis,MN",44.980888,-93.309881,5,Near North,Harrison,3,3,Yale,02/22/2019,13:19
"1841 Irving Ave n,Minneapolis,MN",44.998583,-93.29969100000001,5,Near North,Willard - Hay,1,3,Yale,02/22/2019,13:22
"Colfax Ave S & W 36th St.,Minneapolis,MN",44.937684999999995,-93.292046,10,Southwest,East Harriet,5,3,Yale,02/22/2019,13:23
"3805 girard av n ,Minneapolis,MN",45.024246000000005,-93.297208,4,Camden,Webber - Camden,1,3,Yale,02/22/2019,13:26
"3607 Colfax Ave,Minneapolis,MN",45.020581,-93.292096,4,Camden,McKinley,1,3,Yale,02/22/2019,13:28
"615 Elwood ave n ,Minneapolis,MN",44.98494,-93.299037,5,Near North,Near - North,1,3,Yale,02/22/2019,13:31
"1809 Lincoln st ne,Minneapolis,MN",45.006344,-93.23808299999999,1,Northeast,Windom Park,2,3,Yale,02/22/2019,13:31
"5741 33rd Ave so,Minneapolis,MN",44.898969,-93.22384,11,Nokomis,Wenonah,6,3,Yale,02/22/2019,13:32
"515 22nd st w,Minneapolis,MN",44.960662,-93.28639100000001,10,Powderhorn,Whittier,3,3,Yale,02/22/2019,13:32
"815 13 Avenue se,Minneapolis,MN",44.985774,-93.234188,3,University,Marcy Holmes,4,3,Yale,02/22/2019,13:33
"935 18 1/2 ave ne,Minneapolis,MN",45.006932,-93.24691899999999,1,Northeast,Windom Park,2,3,Yale,02/22/2019,13:33
"527 22nd st w,Minneapolis,MN",44.960676,-93.286568,10,Powderhorn,Whittier,3,3,Yale,02/22/2019,13:36
"3447 Upton ave n ,Minneapolis,MN",45.018262,-93.31494,4,Camden,Cleveland,1,3,Yale,02/22/2019,13:36
"2505 34th ave n ,Minneapolis,MN",45.016856,-93.312748,4,Camden,Cleveland,1,3,Yale,02/22/2019,13:39
"2521 Delaware street se,Minneapolis,MN",44.97249,-93.221317,2,University,Prospect Park - East River Road,4,3,Yale,02/22/2019,13:41
"939 18 1/2 ave ne,Minneapolis,MN",45.006932,-93.246789,1,Northeast,Windom Park,2,3,Yale,02/22/2019,13:44
"1073 27th ave ,Minneapolis,MN",44.99034,-93.21542600000001,1,University,Como,4,3,Yale,02/22/2019,13:46
"2223 Harriet ave s,Minneapolis,MN",44.960075,-93.285152,10,Powderhorn,Whittier,3,3,Yale,02/22/2019,13:46
"1911 Lincoln st ne,Minneapolis,MN",45.008223,-93.238151,1,Northeast,Windom Park,2,3,Yale,02/22/2019,13:47
"1319 12th Ave N,Minneapolis,MN",44.990288,-93.29770699999999,5,Near North,Near - North,1,3,Yale,02/22/2019,13:47
"2023 vincent ave n,Minneapolis,MN",45.000481,-93.316221,5,Near North,Willard - Hay,1,3,Yale,02/22/2019,13:50
"2621 polk st ne,Minneapolis,MN",45.015640000000005,-93.24521,1,Northeast,Audubon Park,2,3,Yale,02/22/2019,13:50
"3111 57th st e,Minneapolis,MN",44.900585,-93.227101,11,Nokomis,Wenonah,6,3,Yale,02/22/2019,13:54
"5621 33rd av s,Minneapolis,MN",44.901070000000004,-93.224062,11,Nokomis,Wenonah,6,3,Yale,02/22/2019,13:58
"921 20th ave ne,Minneapolis,MN",45.009076,-93.247958,1,Northeast,Holland,2,3,Yale,02/22/2019,13:58
"1415 16th Ave n ,Minneapolis,MN",44.99504,-93.298836,5,Near North,Near - North,1,3,Yale,02/22/2019,13:59
"2539 Jackson st NE,Minneapolis,MN",45.014471,-93.248892,1,Northeast,Holland,2,3,Yale,02/22/2019,14:00
"1705 brook Ave se,Minneapolis,MN",44.986576,-93.227747,2,University,Como,4,3,Yale,02/22/2019,14:00
"2517 pierce st ne,Minneapolis,MN",45.013767,-93.240668,1,Northeast,Audubon Park,2,3,Yale,02/22/2019,14:01
"1411 16th ave n,Minneapolis,MN",44.995044,-93.298679,5,Near North,Near - North,1,3,Yale,02/22/2019,14:02
"831 Gertrude Brown Pl,Minneapolis,MN",44.985255,-93.290352,5,Near North,Sumner - Glenwood,1,3,Yale,02/22/2019,14:03
"3121 57th st,Minneapolis,MN",44.900585,-93.22694,11,Nokomis,Wenonah,6,3,Yale,02/22/2019,14:03
"2021 24th ave s,Minneapolis,MN",44.962021,-93.237459,6,Longfellow,Seward,4,3,Yale,02/22/2019,14:04
"5727 bossen terr,Minneapolis,MN",44.899365,-93.22614899999999,11,Nokomis,Wenonah,6,3,Yale,02/22/2019,14:05
"2633 PLEASANT AVE S,Minneapolis,MN",44.954370000000004,-93.282526,10,Powderhorn,Whittier,3,3,Yale,02/22/2019,14:08
"5603 Bossen Terrace,Minneapolis,MN",44.900655,-93.22438100000001,11,Nokomis,Wenonah,6,3,Yale,02/22/2019,14:10
"2645 PLEASANT AVE S,Minneapolis,MN",44.95402,-93.282663,10,Powderhorn,Whittier,3,3,Yale,02/22/2019,14:12
"5731 33rd Avenue South,Minneapolis,MN",44.899258,-93.223919,11,Nokomis,Wenonah,6,3,Yale,02/22/2019,14:16
"2428 21st ave n ,Minneapolis,MN",45.000267,-93.298152,5,Near North,Jordan,1,3,Yale,02/22/2019,14:18
"1425 14th ave se,Minneapolis,MN",44.99326,-93.232045,1,University,Como,2,3,Yale,02/22/2019,14:26
"229 26th ave se,Minneapolis,MN",44.972186,-93.220579,2,University,Prospect Park - East River Road,4,3,Yale,02/22/2019,14:29
"1709 dupont Ave n ,Minneapolis,MN",44.996633,-93.292897,5,Near North,Near - North,1,3,Yale,02/22/2019,14:30
"643 Erie Street Southeast,Minneapolis,MN",44.968651,-93.223963,2,University,Prospect Park - East River Road,4,3,Yale,02/22/2019,14:30
"2809 pleasant ave ,Minneapolis,MN",44.951539000000004,-93.282531,10,Powderhorn,Whittier,3,3,Yale,02/22/2019,14:30
"2527EMERSON AVE S,Minneapolis,MN",44.956466,-93.2941,10,Calhoun Isle,Lowry Hill East,3,3,Yale,02/22/2019,14:42
"2103 23rd ave s,Minneapolis,MN",44.961788,-93.238881,6,Longfellow,Seward,4,3,Yale,02/22/2019,14:43
"1635 hillside Ave n,Minneapolis,MN",45.002085,-93.30215600000001,5,Near North,Jordan,1,3,Yale,02/22/2019,14:44
"211 26th ave ne,Minneapolis,MN",45.014974,-93.264872,1,Northeast,Marshall Terrace,2,3,Yale,02/22/2019,14:45
"2515 pierce st ne,Minneapolis,MN",45.013684000000005,-93.240688,1,Northeast,Audubon Park,2,3,Yale,02/22/2019,14:47
"1105 pierce st ne,Minneapolis,MN",44.998996000000005,-93.240737,1,Northeast,Northeast Park,2,3,Yale,02/22/2019,14:49
"2719 MCNAIR AVE N,Minneapolis,MN",45.001181,-93.315122,5,Near North,Willard - Hay,1,3,Yale,02/22/2019,14:49
"915 24th ave s,Minneapolis,MN",44.963423,-93.237274,6,Longfellow,Seward,4,3,Yale,02/22/2019,14:49
"5215 Vincent av no,Minneapolis,MN",45.049926,-93.31724399999999,4,Camden,Shingle Creek,1,3,Yale,02/22/2019,14:50
"2501 Delaware street se ,Minneapolis,MN",44.972452000000004,-93.222157,2,University,Prospect Park - East River Road,4,3,Yale,02/22/2019,14:51
"3127 57th st e,Minneapolis,MN",44.900585,-93.226844,11,Nokomis,Wenonah,6,3,Yale,02/22/2019,14:54
"2607 Delaware street se ,Minneapolis,MN",44.971862,-93.220562,2,University,Prospect Park - East River Road,4,3,Yale,02/22/2019,14:56
"2205 pillsbury ,Minneapolis,MN",44.960617,-93.280821,10,Powderhorn,Whittier,3,3,Yale,02/22/2019,14:57
"3325 Girard ave n ,Minneapolis,MN",45.01582,-93.29718299999999,4,Camden,Folwell,1,3,Yale,02/22/2019,14:58
"628 Ontario Street Southeast,Minneapolis,MN",44.969259,-93.225672,2,University,Prospect Park - East River Road,4,3,Yale,02/22/2019,15:05
"623 taylor st ne,Minneapolis,MN",44.995792,-93.243176,3,Northeast,Beltrami,2,3,Yale,02/22/2019,15:05
"3621 32nD st W,Minneapolis,MN",44.945028,-93.32527900000001,13,Calhoun Isle,West Calhoun,3,3,Yale,02/22/2019,15:07
"3559 Pierce st ne,Minneapolis,MN",45.032959000000005,-93.240635,1,Northeast,Waite Park,2,3,Yale,02/22/2019,15:07
"749 Lyndale pl ,Minneapolis,MN",44.986306,-93.289609,5,Near North,Sumner - Glenwood,1,3,Yale,02/22/2019,15:15
"209 22nd,Minneapolis,MN",44.960898,-93.281931,10,Powderhorn,Whittier,3,3,Yale,02/22/2019,15:23
"3721 32nd st w,Minneapolis,MN",44.945029,-93.325457,13,Calhoun Isle,West Calhoun,3,3,Yale,02/22/2019,15:24
"5421 45th ave,Minneapolis,MN",44.904703999999995,-93.20859,12,Nokomis,Morris Park,6,3,Yale,02/22/2019,15:28
"2841 Fremont ave s ,Minneapolis,MN",44.950645,-93.295362,10,Calhoun Isle,Lowry Hill East,3,3,Yale,02/22/2019,15:30
"5417 45th ave,Minneapolis,MN",44.90484,-93.2086,12,Nokomis,Morris Park,6,3,Yale,02/22/2019,15:31
"1619 newton Ave n,Minneapolis,MN",44.995857,-93.30601,5,Near North,Willard - Hay,1,3,Yale,02/22/2019,15:40
"633 Ontario Street Southeast,Minneapolis,MN",44.968990000000005,-93.225277,2,University,Prospect Park - East River Road,4,3,Yale,02/22/2019,15:42
"3715 43rd St E,Minneapolis,MN",44.924949,-93.218599,12,Longfellow,Hiawatha,6,3,Yale,02/22/2019,15:46
"5409 45th av s,Minneapolis,MN",44.905033,-93.208551,12,Nokomis,Morris Park,6,3,Yale,02/22/2019,15:49
"3521 32nd st w,Minneapolis,MN",44.944719,-93.30440300000001,10,Calhoun Isle,ECCO,5,3,Yale,02/22/2019,15:49
"3961 Snelling Avenue South,Minneapolis,MN",44.930769,-93.222881,12,Longfellow,Howe,6,3,Yale,02/22/2019,15:50
"2115 willow ave n,Minneapolis,MN",45.004505,-93.307866,5,Near North,Jordan,1,3,Yale,02/22/2019,15:54
"5339 Hiawatha ln,Minneapolis,MN",44.906303,-93.202271,12,Nokomis,Minnehaha,6,3,Yale,02/22/2019,16:06
"611 24 TH AVE N,Minneapolis,MN",45.003474,-93.287047,5,Near North,Hawthorne,1,3,Yale,02/22/2019,16:55
"315 23RD AVE N,Minneapolis,MN",45.002392,-93.28407800000001,5,Near North,Hawthorne,1,3,Yale,02/22/2019,17:01
